Workbook

Sheet A créer
A1: Société | B1: Région | C1: Nom - Raiso sociale | D1: OU only | E1: Multi | F1: Adresse Fact = Sté | G1: Code conso | H1: Région principale | I1: Sigle - Livre comptable | J1: Numéro & rue | K1: Code postal | L1: ville | M1: Num pour TSA | N1: Numéro & rue | O1: Complément | P1: Compte Banque | Q1: Nom Banque | R1: Projet FPS
A2: 0513 | B2: DRW | C2: DK 27 | D2: Oui | E2: Non | F2: Non | G2: S2327 | H2: DRW | I2: DK 27 | J2: 33, Place des Corolles TOUR EUROPE | K2: 92400 | L2: COURBEVOIE | M2: 18513 | N2: TSA 85501 | O2: 59784 LILLE CEDEX 9 | P2: 513570 | Q2: BNP PARIBAS | R2: FB0084715S
A3: 0412 | B3: DNA | C3: SOCIETE VALMY DEFENSE 108 | D3: Oui | E3: Non | F3: Non | G3: S2008 | H3: DNA | I3: SOCIETE VALMY DEFENSE 108 | J3: 37,AVENUE DU MARECHAL DE LATTRE DE TASSIGNY | K3: 59350 | L3: SAINT-ANDRE LEZ LILLE | M3: XXXXX | N3: TSA 55507 | O3: 59784 LILLE CEDEX 9 | P3: 513479 | Q3: SOCIETE GENERALE | R3: FB0084874Y
A4: 0505 | B4: DMS | C4: MONTCHOVET ENERGIES | D4: Oui | E4: Non | F4: Non | G4: YS2121 | H4: DMS | I4: MONTCHOVET ENERGIES | J4: 15, AV ALBERT EINSTEIN TOUR EUROPE - TSA 77655 | K4: 69100 | L4: VILLEURBANNE | M4: 53505 | N4: TSA 35505 | O4: 59784 LILLE CEDEX 9 | P4: 513564 | Q4: BNP PARIBAS | R4: FB0084664J
A6: 0401 | B6: DRW | C6: SOCIETE VALMY DEFENSE 101 | D6: Non | E6: Non | F6: Non | G6: S0101 | H6: DRW | I6: SVD 101 | J6: TOUR EUROPE - 33 , PLACE DES COROLLES | K6: 92400 | L6: COURBEVOIE | M6: 18401 | N6: TSA 85501 | O6: 59784 LILLE CEDEX 9 | P6: 513472 | Q6: SOCIETE GENERALE | R6: FB0090202C
A7: 0554 | B7: DNA | C7: DK 52 | D7: Oui | E7: Non | F7: Non | G7: YS2352 | H7: DNA | I7: DK 52 | J7: 4B, RUE FRANCOISE D'EAUBONNE | K7: 31200 | L7: TOULOUSE | M7: 57554 | N7: TSA 55507 | O7: 59784 LILLE CEDEX 9 | P7: 513603 | Q7: BNP PARIBAS | R7: FB0090378C

Sheet Regroupement
A1: *FN | B1: Code | C1: Tab | D1: Nom | E1: Tab | F1: Description | G1: *SAVE
A2: =IF(OR('A créer'!D2="Oui",LEN('A créer'!D2)=0),"","*FN") | B2: =IF(OR('A créer'!D2="Oui",LEN('A créer'!D2)=0),"",CONCATENATE("A",'A créer'!A2)) | C2: =IF(OR('A créer'!D2="Oui",LEN('A créer'!D2)=0),"","Tab") | D2: =IF(OR('A créer'!D2="Oui",LEN('A créer'!D2)=0),"",CONCATENATE("A",'A créer'!A2)) | E2: =IF(OR('A créer'!D2="Oui",LEN('A créer'!D2)=0),"","Tab") | F2: =IF(OR('A créer'!D2="Oui",LEN('A créer'!D2)=0),"",CONCATENATE("STE ",'A créer'!A2)) | G2: =IF(OR('A créer'!D2="Oui",LEN('A créer'!D2)=0),"","*SAVE")
A3: =IF(OR('A créer'!D3="Oui",LEN('A créer'!D3)=0),"","*FN") | B3: =IF(OR('A créer'!D3="Oui",LEN('A créer'!D3)=0),"",CONCATENATE("A",'A créer'!A3)) | C3: =IF(OR('A créer'!D3="Oui",LEN('A créer'!D3)=0),"","Tab") | D3: =IF(OR('A créer'!D3="Oui",LEN('A créer'!D3)=0),"",CONCATENATE("A",'A créer'!A3)) | E3: =IF(OR('A créer'!D3="Oui",LEN('A créer'!D3)=0),"","Tab") | F3: =IF(OR('A créer'!D3="Oui",LEN('A créer'!D3)=0),"",CONCATENATE("STE ",'A créer'!A3)) | G3: =IF(OR('A créer'!D3="Oui",LEN('A créer'!D3)=0),"","*SAVE")
A4: =IF(OR('A créer'!D4="Oui",LEN('A créer'!D4)=0),"","*FN") | B4: =IF(OR('A créer'!D4="Oui",LEN('A créer'!D4)=0),"",CONCATENATE("A",'A créer'!A4)) | C4: =IF(OR('A créer'!D4="Oui",LEN('A créer'!D4)=0),"","Tab") | D4: =IF(OR('A créer'!D4="Oui",LEN('A créer'!D4)=0),"",CONCATENATE("A",'A créer'!A4)) | E4: =IF(OR('A créer'!D4="Oui",LEN('A créer'!D4)=0),"","Tab") | F4: =IF(OR('A créer'!D4="Oui",LEN('A créer'!D4)=0),"",CONCATENATE("STE ",'A créer'!A4)) | G4: =IF(OR('A créer'!D4="Oui",LEN('A créer'!D4)=0),"","*SAVE")
A5: =IF(OR('A créer'!D5="Oui",LEN('A créer'!D5)=0),"","*FN") | B5: =IF(OR('A créer'!D5="Oui",LEN('A créer'!D5)=0),"",CONCATENATE("A",'A créer'!A5)) | C5: =IF(OR('A créer'!D5="Oui",LEN('A créer'!D5)=0),"","Tab") | D5: =IF(OR('A créer'!D5="Oui",LEN('A créer'!D5)=0),"",CONCATENATE("A",'A créer'!A5)) | E5: =IF(OR('A créer'!D5="Oui",LEN('A créer'!D5)=0),"","Tab") | F5: =IF(OR('A créer'!D5="Oui",LEN('A créer'!D5)=0),"",CONCATENATE("STE ",'A créer'!A5)) | G5: =IF(OR('A créer'!D5="Oui",LEN('A créer'!D5)=0),"","*SAVE")
A6: =IF(OR('A créer'!D6="Oui",LEN('A créer'!D6)=0),"","*FN") -> *FN | B6: =IF(OR('A créer'!D6="Oui",LEN('A créer'!D6)=0),"",CONCATENATE("A",'A créer'!A6)) -> A0401 | C6: =IF(OR('A créer'!D6="Oui",LEN('A créer'!D6)=0),"","Tab") -> Tab | D6: =IF(OR('A créer'!D6="Oui",LEN('A créer'!D6)=0),"",CONCATENATE("A",'A créer'!A6)) -> A0401 | E6: =IF(OR('A créer'!D6="Oui",LEN('A créer'!D6)=0),"","Tab") -> Tab | F6: =IF(OR('A créer'!D6="Oui",LEN('A créer'!D6)=0),"",CONCATENATE("STE ",'A créer'!A6)) -> STE 0401 | G6: =IF(OR('A créer'!D6="Oui",LEN('A créer'!D6)=0),"","*SAVE") -> *SAVE
A7: =IF(OR('A créer'!D7="Oui",LEN('A créer'!D7)=0),"","*FN") | B7: =IF(OR('A créer'!D7="Oui",LEN('A créer'!D7)=0),"",CONCATENATE("A",'A créer'!A7)) | C7: =IF(OR('A créer'!D7="Oui",LEN('A créer'!D7)=0),"","Tab") | D7: =IF(OR('A créer'!D7="Oui",LEN('A créer'!D7)=0),"",CONCATENATE("A",'A créer'!A7)) | E7: =IF(OR('A créer'!D7="Oui",LEN('A créer'!D7)=0),"","Tab") | F7: =IF(OR('A créer'!D7="Oui",LEN('A créer'!D7)=0),"",CONCATENATE("STE ",'A créer'!A7)) | G7: =IF(OR('A créer'!D7="Oui",LEN('A créer'!D7)=0),"","*SAVE")
A8: =IF(OR('A créer'!D8="Oui",LEN('A créer'!D8)=0),"","*FN") | B8: =IF(OR('A créer'!D8="Oui",LEN('A créer'!D8)=0),"",CONCATENATE("A",'A créer'!A8)) | C8: =IF(OR('A créer'!D8="Oui",LEN('A créer'!D8)=0),"","Tab") | D8: =IF(OR('A créer'!D8="Oui",LEN('A créer'!D8)=0),"",CONCATENATE("A",'A créer'!A8)) | E8: =IF(OR('A créer'!D8="Oui",LEN('A créer'!D8)=0),"","Tab") | F8: =IF(OR('A créer'!D8="Oui",LEN('A créer'!D8)=0),"",CONCATENATE("STE ",'A créer'!A8)) | G8: =IF(OR('A créer'!D8="Oui",LEN('A créer'!D8)=0),"","*SAVE")
A9: =IF(OR('A créer'!D9="Oui",LEN('A créer'!D9)=0),"","*FN") | B9: =IF(OR('A créer'!D9="Oui",LEN('A créer'!D9)=0),"",CONCATENATE("A",'A créer'!A9)) | C9: =IF(OR('A créer'!D9="Oui",LEN('A créer'!D9)=0),"","Tab") | D9: =IF(OR('A créer'!D9="Oui",LEN('A créer'!D9)=0),"",CONCATENATE("A",'A créer'!A9)) | E9: =IF(OR('A créer'!D9="Oui",LEN('A créer'!D9)=0),"","Tab") | F9: =IF(OR('A créer'!D9="Oui",LEN('A créer'!D9)=0),"",CONCATENATE("STE ",'A créer'!A9)) | G9: =IF(OR('A créer'!D9="Oui",LEN('A créer'!D9)=0),"","*SAVE")
A10: =IF(OR('A créer'!D10="Oui",LEN('A créer'!D10)=0),"","*FN") | B10: =IF(OR('A créer'!D10="Oui",LEN('A créer'!D10)=0),"",CONCATENATE("A",'A créer'!A10)) | C10: =IF(OR('A créer'!D10="Oui",LEN('A créer'!D10)=0),"","Tab") | D10: =IF(OR('A créer'!D10="Oui",LEN('A créer'!D10)=0),"",CONCATENATE("A",'A créer'!A10)) | E10: =IF(OR('A créer'!D10="Oui",LEN('A créer'!D10)=0),"","Tab") | F10: =IF(OR('A créer'!D10="Oui",LEN('A créer'!D10)=0),"",CONCATENATE("STE ",'A créer'!A10)) | G10: =IF(OR('A créer'!D10="Oui",LEN('A créer'!D10)=0),"","*SAVE")
A11: =IF(OR('A créer'!D11="Oui",LEN('A créer'!D11)=0),"","*FN") | B11: =IF(OR('A créer'!D11="Oui",LEN('A créer'!D11)=0),"",CONCATENATE("A",'A créer'!A11)) | C11: =IF(OR('A créer'!D11="Oui",LEN('A créer'!D11)=0),"","Tab") | D11: =IF(OR('A créer'!D11="Oui",LEN('A créer'!D11)=0),"",CONCATENATE("A",'A créer'!A11)) | E11: =IF(OR('A créer'!D11="Oui",LEN('A créer'!D11)=0),"","Tab") | F11: =IF(OR('A créer'!D11="Oui",LEN('A créer'!D11)=0),"",CONCATENATE("STE ",'A créer'!A11)) | G11: =IF(OR('A créer'!D11="Oui",LEN('A créer'!D11)=0),"","*SAVE")
A12: =IF(OR('A créer'!D12="Oui",LEN('A créer'!D12)=0),"","*FN") | B12: =IF(OR('A créer'!D12="Oui",LEN('A créer'!D12)=0),"",CONCATENATE("A",'A créer'!A12)) | C12: =IF(OR('A créer'!D12="Oui",LEN('A créer'!D12)=0),"","Tab") | D12: =IF(OR('A créer'!D12="Oui",LEN('A créer'!D12)=0),"",CONCATENATE("A",'A créer'!A12)) | E12: =IF(OR('A créer'!D12="Oui",LEN('A créer'!D12)=0),"","Tab") | F12: =IF(OR('A créer'!D12="Oui",LEN('A créer'!D12)=0),"",CONCATENATE("STE ",'A créer'!A12)) | G12: =IF(OR('A créer'!D12="Oui",LEN('A créer'!D12)=0),"","*SAVE")
A13: =IF(OR('A créer'!D13="Oui",LEN('A créer'!D13)=0),"","*FN") | B13: =IF(OR('A créer'!D13="Oui",LEN('A créer'!D13)=0),"",CONCATENATE("A",'A créer'!A13)) | C13: =IF(OR('A créer'!D13="Oui",LEN('A créer'!D13)=0),"","Tab") | D13: =IF(OR('A créer'!D13="Oui",LEN('A créer'!D13)=0),"",CONCATENATE("A",'A créer'!A13)) | E13: =IF(OR('A créer'!D13="Oui",LEN('A créer'!D13)=0),"","Tab") | F13: =IF(OR('A créer'!D13="Oui",LEN('A créer'!D13)=0),"",CONCATENATE("STE ",'A créer'!A13)) | G13: =IF(OR('A créer'!D13="Oui",LEN('A créer'!D13)=0),"","*SAVE")
... A30: =IF(OR('A créer'!D30="Oui",LEN('A créer'!D30)=0),"","*FN") | B30: =IF(OR('A créer'!D30="Oui",LEN('A créer'!D30)=0),"",CONCATENATE("A",'A créer'!A30)) | C30: =IF(OR('A créer'!D30="Oui",LEN('A créer'!D30)=0),"","Tab") | D30: =IF(OR('A créer'!D30="Oui",LEN('A créer'!D30)=0),"",CONCATENATE("A",'A créer'!A30)) | E30: =IF(OR('A créer'!D30="Oui",LEN('A créer'!D30)=0),"","Tab") | F30: =IF(OR('A créer'!D30="Oui",LEN('A créer'!D30)=0),"",CONCATENATE("STE ",'A créer'!A30)) | G30: =IF(OR('A créer'!D30="Oui",LEN('A créer'!D30)=0),"","*SAVE")

Sheet XDKA_ARGOS_INTERCO
A1: *FN | B1: Code | C1: Tab | D1: Description | E1: Tab | F1: *SAVE
A2: =IF(LEN('A créer'!G2)=0,"","*FN") -> *FN | B2: =IF(LEN('A créer'!G2)=0,"",'A créer'!G2) -> S2327 | C2: =IF(LEN('A créer'!G2)=0,"","Tab") -> Tab | D2: =IF(LEN('A créer'!G2)=0,IF(LEN('A créer'!G2)>0,CONCATENATE('A créer'!C2," ",'A créer'!B2),""),'A créer'!C2) -> DK 27 | E2: =IF(LEN('A créer'!G2)=0,"","Tab") -> Tab | F2: =IF(LEN('A créer'!G2)=0,"","*SAVE") -> *SAVE
A3: =IF(LEN('A créer'!G3)=0,"","*FN") -> *FN | B3: =IF(LEN('A créer'!G3)=0,"",'A créer'!G3) -> S2008 | C3: =IF(LEN('A créer'!G3)=0,"","Tab") -> Tab | D3: =IF(LEN('A créer'!G3)=0,IF(LEN('A créer'!G3)>0,CONCATENATE('A créer'!C3," ",'A créer'!B3),""),'A créer'!C3) -> SOCIETE VALMY DEFENSE 108 | E3: =IF(LEN('A créer'!G3)=0,"","Tab") -> Tab | F3: =IF(LEN('A créer'!G3)=0,"","*SAVE") -> *SAVE
A4: =IF(LEN('A créer'!G4)=0,"","*FN") -> *FN | B4: =IF(LEN('A créer'!G4)=0,"",'A créer'!G4) -> YS2121 | C4: =IF(LEN('A créer'!G4)=0,"","Tab") -> Tab | D4: =IF(LEN('A créer'!G4)=0,IF(LEN('A créer'!G4)>0,CONCATENATE('A créer'!C4," ",'A créer'!B4),""),'A créer'!C4) -> MONTCHOVET ENERGIES | E4: =IF(LEN('A créer'!G4)=0,"","Tab") -> Tab | F4: =IF(LEN('A créer'!G4)=0,"","*SAVE") -> *SAVE
A5: =IF(LEN('A créer'!G5)=0,"","*FN") | B5: =IF(LEN('A créer'!G5)=0,"",'A créer'!G5) | C5: =IF(LEN('A créer'!G5)=0,"","Tab") | D5: =IF(LEN('A créer'!G5)=0,IF(LEN('A créer'!G5)>0,CONCATENATE('A créer'!C5," ",'A créer'!B5),""),'A créer'!C5) | E5: =IF(LEN('A créer'!G5)=0,"","Tab") | F5: =IF(LEN('A créer'!G5)=0,"","*SAVE")
A6: =IF(LEN('A créer'!G6)=0,"","*FN") -> *FN | B6: =IF(LEN('A créer'!G6)=0,"",'A créer'!G6) -> S0101 | C6: =IF(LEN('A créer'!G6)=0,"","Tab") -> Tab | D6: =IF(LEN('A créer'!G6)=0,IF(LEN('A créer'!G6)>0,CONCATENATE('A créer'!C6," ",'A créer'!B6),""),'A créer'!C6) -> SOCIETE VALMY DEFENSE 101 | E6: =IF(LEN('A créer'!G6)=0,"","Tab") -> Tab | F6: =IF(LEN('A créer'!G6)=0,"","*SAVE") -> *SAVE
A7: =IF(LEN('A créer'!G7)=0,"","*FN") -> *FN | B7: =IF(LEN('A créer'!G7)=0,"",'A créer'!G7) -> YS2352 | C7: =IF(LEN('A créer'!G7)=0,"","Tab") -> Tab | D7: =IF(LEN('A créer'!G7)=0,IF(LEN('A créer'!G7)>0,CONCATENATE('A créer'!C7," ",'A créer'!B7),""),'A créer'!C7) -> DK 52 | E7: =IF(LEN('A créer'!G7)=0,"","Tab") -> Tab | F7: =IF(LEN('A créer'!G7)=0,"","*SAVE") -> *SAVE
A8: =IF(LEN('A créer'!G8)=0,"","*FN") | B8: =IF(LEN('A créer'!G8)=0,"",'A créer'!G8) | C8: =IF(LEN('A créer'!G8)=0,"","Tab") | D8: =IF(LEN('A créer'!G8)=0,IF(LEN('A créer'!G8)>0,CONCATENATE('A créer'!C8," ",'A créer'!B8),""),'A créer'!C8) | E8: =IF(LEN('A créer'!G8)=0,"","Tab") | F8: =IF(LEN('A créer'!G8)=0,"","*SAVE")
A9: =IF(LEN('A créer'!G9)=0,"","*FN") | B9: =IF(LEN('A créer'!G9)=0,"",'A créer'!G9) | C9: =IF(LEN('A créer'!G9)=0,"","Tab") | D9: =IF(LEN('A créer'!G9)=0,IF(LEN('A créer'!G9)>0,CONCATENATE('A créer'!C9," ",'A créer'!B9),""),'A créer'!C9) | E9: =IF(LEN('A créer'!G9)=0,"","Tab") | F9: =IF(LEN('A créer'!G9)=0,"","*SAVE")
A10: =IF(LEN('A créer'!G10)=0,"","*FN") | B10: =IF(LEN('A créer'!G10)=0,"",'A créer'!G10) | C10: =IF(LEN('A créer'!G10)=0,"","Tab") | D10: =IF(LEN('A créer'!G10)=0,IF(LEN('A créer'!G10)>0,CONCATENATE('A créer'!C10," ",'A créer'!B10),""),'A créer'!C10) | E10: =IF(LEN('A créer'!G10)=0,"","Tab") | F10: =IF(LEN('A créer'!G10)=0,"","*SAVE")
A11: =IF(LEN('A créer'!G11)=0,"","*FN") | B11: =IF(LEN('A créer'!G11)=0,"",'A créer'!G11) | C11: =IF(LEN('A créer'!G11)=0,"","Tab") | D11: =IF(LEN('A créer'!G11)=0,IF(LEN('A créer'!G11)>0,CONCATENATE('A créer'!C11," ",'A créer'!B11),""),'A créer'!C11) | E11: =IF(LEN('A créer'!G11)=0,"","Tab") | F11: =IF(LEN('A créer'!G11)=0,"","*SAVE")
A12: =IF(LEN('A créer'!G12)=0,"","*FN") | B12: =IF(LEN('A créer'!G12)=0,"",'A créer'!G12) | C12: =IF(LEN('A créer'!G12)=0,"","Tab") | D12: =IF(LEN('A créer'!G12)=0,IF(LEN('A créer'!G12)>0,CONCATENATE('A créer'!C12," ",'A créer'!B12),""),'A créer'!C12) | E12: =IF(LEN('A créer'!G12)=0,"","Tab") | F12: =IF(LEN('A créer'!G12)=0,"","*SAVE")
A13: =IF(LEN('A créer'!G13)=0,"","*FN") | B13: =IF(LEN('A créer'!G13)=0,"",'A créer'!G13) | C13: =IF(LEN('A créer'!G13)=0,"","Tab") | D13: =IF(LEN('A créer'!G13)=0,IF(LEN('A créer'!G13)>0,CONCATENATE('A créer'!C13," ",'A créer'!B13),""),'A créer'!C13) | E13: =IF(LEN('A créer'!G13)=0,"","Tab") | F13: =IF(LEN('A créer'!G13)=0,"","*SAVE")
... A30: =IF(LEN('A créer'!G30)=0,"","*FN") | B30: =IF(LEN('A créer'!G30)=0,"",'A créer'!G30) | C30: =IF(LEN('A créer'!G30)=0,"","Tab") | D30: =IF(LEN('A créer'!G30)=0,IF(LEN('A créer'!G30)>0,CONCATENATE('A créer'!C30," ",'A créer'!B30),""),'A créer'!C30) | E30: =IF(LEN('A créer'!G30)=0,"","Tab") | F30: =IF(LEN('A créer'!G30)=0,"","*SAVE")

Sheet DAOPCCF_STE
A1: *FN | B1: Code | C1: Tab | D1: Description | E1: Tab 4 | F1: Tab | G1: Tab | H1: ENT | I1: Conso | J1: Tab | K1: Région | L1: DCW | M1: Tab | N1: DLS | O1: Tab | P1: DMS | Q1: Tab | R1: DRW | S1: Tab | T1: DSW | U1: Tab | V1: DEW | W1: Tab | X1: DNA | Y1: Tab | Z1: DOS | AA1: Tab | AB1: Tab | AC1: CSP | AD1: Tab | AE1: ENT | AF1: *SAVE | AG1: *FN | AH1: Code | AI1: Tab | AJ1: Description | AK1: =IF(OR('A créer'!D1="Oui",LEN('A créer'!D1)=0),"","Tab 4") -> Tab 4 | AL1: *SB | AM1: Tab | AN1: Regroup | AO1: Tab | AP1: Tab | AQ1: ENT | AR1: Conso | AS1: Tab | AT1: Région | AU1: Tab | AV1: ENT | AW1: *SAVE | AX1: *UP | AY1: *Aé | AZ1: Code | BA1: Tab | BB1: *SAVE | BC1: Close
A2: =IF(OR('A créer'!D2="Oui",LEN('A créer'!D2)=0),"","*FN") | B2: =IF(OR('A créer'!D2="Oui",LEN('A créer'!D2)=0),"",'A créer'!A2) | C2: =IF(OR('A créer'!D2="Oui",LEN('A créer'!D2)=0),"","Tab") | D2: =IF(OR('A créer'!D2="Oui",LEN('A créer'!D2)=0),"",'A créer'!C2) | E2: Tab 4 | F2: =IF(OR('A créer'!D2="Oui",LEN('A créer'!D2)=0),"","Tab") | G2: =IF(OR('A créer'!D2="Oui",LEN('A créer'!D2)=0),"","Tab") | H2: =IF(OR('A créer'!D2="Oui",LEN('A créer'!D2)=0),"","ENT") | I2: =IF(OR('A créer'!D2="Oui",LEN('A créer'!D2)=0),"","Oui") | J2: =IF(OR('A créer'!D2="Oui",LEN('A créer'!D2)=0),"","Tab") | K2: =IF(OR('A créer'!D2="Oui",LEN('A créer'!D2)=0),"",'A créer'!H2) | L2: =IF(OR('A créer'!D2="Oui",LEN('A créer'!D2)=0),"",IF($K2="DCW",'A créer'!G2,"")) | M2: =IF(OR('A créer'!D2="Oui",LEN('A créer'!D2)=0),"","Tab") | N2: =IF(OR('A créer'!D2="Oui",LEN('A créer'!D2)=0),"",IF($K2="DLS",'A créer'!G2,"")) | O2: =IF(OR('A créer'!D2="Oui",LEN('A créer'!D2)=0),"","Tab") | P2: =IF(OR('A créer'!D2="Oui",LEN('A créer'!D2)=0),"",IF($K2="DMS",'A créer'!G2,"")) | Q2: =IF(OR('A créer'!D2="Oui",LEN('A créer'!D2)=0),"","Tab") | R2: =IF(OR('A créer'!D2="Oui",LEN('A créer'!D2)=0),"",IF($K2="DRW",'A créer'!G2,"")) | S2: =IF(OR('A créer'!D2="Oui",LEN('A créer'!D2)=0),"","Tab") | T2: =IF(OR('A créer'!D2="Oui",LEN('A créer'!D2)=0),"",IF($K2="DSW",'A créer'!G2,"")) | U2: =IF(OR('A créer'!D2="Oui",LEN('A créer'!D2)=0),"","Tab") | V2: =IF(OR('A créer'!D2="Oui",LEN('A créer'!D2)=0),"",IF($K2="DEW",'A créer'!G2,"")) | W2: =IF(OR('A créer'!D2="Oui",LEN('A créer'!D2)=0),"","Tab") | X2: =IF(OR('A créer'!D2="Oui",LEN('A créer'!D2)=0),"",IF($K2="DNA",'A créer'!G2,"")) | Y2: =IF(OR('A créer'!D2="Oui",LEN('A créer'!D2)=0),"","Tab") | Z2: =IF(OR('A créer'!D2="Oui",LEN('A créer'!D2)=0),"",IF($K2="DOS",'A créer'!G2,"")) | AA2: =IF(OR('A créer'!D2="Oui",LEN('A créer'!D2)=0),"","Tab") | AB2: =IF(OR('A créer'!D2="Oui",LEN('A créer'!D2)=0),"","Tab") | AC2: =IF(OR('A créer'!D2="Oui",LEN('A créer'!D2)=0),"","OUI") | AD2: =IF(OR('A créer'!D2="Oui",LEN('A créer'!D2)=0),"","Tab") | AE2: =IF(OR('A créer'!D2="Oui",LEN('A créer'!D2)=0),"","ENT") | AF2: =IF(OR('A créer'!D2="Oui",LEN('A créer'!D2)=0),"","*SAVE") | AG2: =IF(OR('A créer'!D2="Oui",LEN('A créer'!D2)=0),"","*FN") | AH2: =IF(OR('A créer'!D2="Oui",LEN('A créer'!D2)=0),"",CONCATENATE("A",RIGHT('A créer'!A2,3))) | AI2: =IF(OR('A créer'!D2="Oui",LEN('A créer'!D2)=0),"","Tab") | AJ2: =IF(OR('A créer'!D2="Oui",LEN('A créer'!D2)=0),"",CONCATENATE('A créer'!A2," Regroupement")) | AK2: =IF(OR('A créer'!D2="Oui",LEN('A créer'!D2)=0),"","Tab 4") | AL2: =IF(OR('A créer'!D2="Oui",LEN('A créer'!D2)=0),"","*SB") | AM2: =IF(OR('A créer'!D2="Oui",LEN('A créer'!D2)=0),"","Tab") | AN2: =IF(OR('A créer'!D2="Oui",LEN('A créer'!D2)=0),"",CONCATENATE("A",'A créer'!A2)) | AO2: =IF(OR('A créer'!D2="Oui",LEN('A créer'!D2)=0),"","Tab") | AP2: =IF(OR('A créer'!D2="Oui",LEN('A créer'!D2)=0),"","Tab") | AQ2: =IF(OR('A créer'!D2="Oui",LEN('A créer'!D2)=0),"","ENT") | AR2: =IF(OR('A créer'!D2="Oui",LEN('A créer'!D2)=0),"","Non") | AS2: =IF(OR('A créer'!D2="Oui",LEN('A créer'!D2)=0),"","Tab") | AT2: =IF(OR('A créer'!D2="Oui",LEN('A créer'!D2)=0),"","T") | AU2: =IF(OR('A créer'!D2="Oui",LEN('A créer'!D2)=0),"","Tab") | AV2: =IF(OR('A créer'!D2="Oui",LEN('A créer'!D2)=0),"","ENT") | AW2: =IF(OR('A créer'!D2="Oui",LEN('A créer'!D2)=0),"","*SAVE") | AX2: =IF(OR('A créer'!D2="Oui",LEN('A créer'!D2)=0),"","*UP") | AY2: =IF(OR('A créer'!D2="Oui",LEN('A créer'!D2)=0),"","*Aé") | AZ2: =IF(OR('A créer'!D2="Oui",LEN('A créer'!D2)=0),"",'A créer'!A2) | BA2: =IF(OR('A créer'!D2="Oui",LEN('A créer'!D2)=0),"","Tab") | BB2: =IF(OR('A créer'!D2="Oui",LEN('A créer'!D2)=0),"","*SAVE") | BC2: =IF(OR('A créer'!D2="Oui",LEN('A créer'!D2)=0),"","*ML(610,125)")
A3: =IF(OR('A créer'!D3="Oui",LEN('A créer'!D3)=0),"","*FN") | B3: =IF(OR('A créer'!D3="Oui",LEN('A créer'!D3)=0),"",'A créer'!A3) | C3: =IF(OR('A créer'!D3="Oui",LEN('A créer'!D3)=0),"","Tab") | D3: =IF(OR('A créer'!D3="Oui",LEN('A créer'!D3)=0),"",'A créer'!C3) | E3: Tab 4 | F3: =IF(OR('A créer'!D3="Oui",LEN('A créer'!D3)=0),"","Tab") | G3: =IF(OR('A créer'!D3="Oui",LEN('A créer'!D3)=0),"","Tab") | H3: =IF(OR('A créer'!D3="Oui",LEN('A créer'!D3)=0),"","ENT") | I3: =IF(OR('A créer'!D3="Oui",LEN('A créer'!D3)=0),"","Oui") | J3: =IF(OR('A créer'!D3="Oui",LEN('A créer'!D3)=0),"","Tab") | K3: =IF(OR('A créer'!D3="Oui",LEN('A créer'!D3)=0),"",'A créer'!H3) | L3: =IF(OR('A créer'!D3="Oui",LEN('A créer'!D3)=0),"",IF($K3="DCW",'A créer'!G3,"")) | M3: =IF(OR('A créer'!D3="Oui",LEN('A créer'!D3)=0),"","Tab") | N3: =IF(OR('A créer'!D3="Oui",LEN('A créer'!D3)=0),"",IF($K3="DLS",'A créer'!G3,"")) | O3: =IF(OR('A créer'!D3="Oui",LEN('A créer'!D3)=0),"","Tab") | P3: =IF(OR('A créer'!D3="Oui",LEN('A créer'!D3)=0),"",IF($K3="DMS",'A créer'!G3,"")) | Q3: =IF(OR('A créer'!D3="Oui",LEN('A créer'!D3)=0),"","Tab") | R3: =IF(OR('A créer'!D3="Oui",LEN('A créer'!D3)=0),"",IF($K3="DRW",'A créer'!G3,"")) | S3: =IF(OR('A créer'!D3="Oui",LEN('A créer'!D3)=0),"","Tab") | T3: =IF(OR('A créer'!D3="Oui",LEN('A créer'!D3)=0),"",IF($K3="DSW",'A créer'!G3,"")) | U3: =IF(OR('A créer'!D3="Oui",LEN('A créer'!D3)=0),"","Tab") | V3: =IF(OR('A créer'!D3="Oui",LEN('A créer'!D3)=0),"",IF($K3="DEW",'A créer'!G3,"")) | W3: =IF(OR('A créer'!D3="Oui",LEN('A créer'!D3)=0),"","Tab") | X3: =IF(OR('A créer'!D3="Oui",LEN('A créer'!D3)=0),"",IF($K3="DNA",'A créer'!G3,"")) | Y3: =IF(OR('A créer'!D3="Oui",LEN('A créer'!D3)=0),"","Tab") | Z3: =IF(OR('A créer'!D3="Oui",LEN('A créer'!D3)=0),"",IF($K3="DOS",'A créer'!G3,"")) | AA3: =IF(OR('A créer'!D3="Oui",LEN('A créer'!D3)=0),"","Tab") | AB3: =IF(OR('A créer'!D3="Oui",LEN('A créer'!D3)=0),"","Tab") | AC3: =IF(OR('A créer'!D3="Oui",LEN('A créer'!D3)=0),"","OUI") | AD3: =IF(OR('A créer'!D3="Oui",LEN('A créer'!D3)=0),"","Tab") | AE3: =IF(OR('A créer'!D3="Oui",LEN('A créer'!D3)=0),"","ENT") | AF3: =IF(OR('A créer'!D3="Oui",LEN('A créer'!D3)=0),"","*SAVE") | AG3: =IF(OR('A créer'!D3="Oui",LEN('A créer'!D3)=0),"","*FN") | AH3: =IF(OR('A créer'!D3="Oui",LEN('A créer'!D3)=0),"",CONCATENATE("A",RIGHT('A créer'!A3,3))) | AI3: =IF(OR('A créer'!D3="Oui",LEN('A créer'!D3)=0),"","Tab") | AJ3: =IF(OR('A créer'!D3="Oui",LEN('A créer'!D3)=0),"",CONCATENATE('A créer'!A3," Regroupement")) | AK3: =IF(OR('A créer'!D3="Oui",LEN('A créer'!D3)=0),"","Tab 4") | AL3: =IF(OR('A créer'!D3="Oui",LEN('A créer'!D3)=0),"","*SB") | AM3: =IF(OR('A créer'!D3="Oui",LEN('A créer'!D3)=0),"","Tab") | AN3: =IF(OR('A créer'!D3="Oui",LEN('A créer'!D3)=0),"",CONCATENATE("A",'A créer'!A3)) | AO3: =IF(OR('A créer'!D3="Oui",LEN('A créer'!D3)=0),"","Tab") | AP3: =IF(OR('A créer'!D3="Oui",LEN('A créer'!D3)=0),"","Tab") | AQ3: =IF(OR('A créer'!D3="Oui",LEN('A créer'!D3)=0),"","ENT") | AR3: =IF(OR('A créer'!D3="Oui",LEN('A créer'!D3)=0),"","Non") | AS3: =IF(OR('A créer'!D3="Oui",LEN('A créer'!D3)=0),"","Tab") | AT3: =IF(OR('A créer'!D3="Oui",LEN('A créer'!D3)=0),"","T") | AU3: =IF(OR('A créer'!D3="Oui",LEN('A créer'!D3)=0),"","Tab") | AV3: =IF(OR('A créer'!D3="Oui",LEN('A créer'!D3)=0),"","ENT") | AW3: =IF(OR('A créer'!D3="Oui",LEN('A créer'!D3)=0),"","*SAVE") | AX3: =IF(OR('A créer'!D3="Oui",LEN('A créer'!D3)=0),"","*UP") | AY3: =IF(OR('A créer'!D3="Oui",LEN('A créer'!D3)=0),"","*Aé") | AZ3: =IF(OR('A créer'!D3="Oui",LEN('A créer'!D3)=0),"",'A créer'!A3) | BA3: =IF(OR('A créer'!D3="Oui",LEN('A créer'!D3)=0),"","Tab") | BB3: =IF(OR('A créer'!D3="Oui",LEN('A créer'!D3)=0),"","*SAVE") | BC3: =IF(OR('A créer'!D3="Oui",LEN('A créer'!D3)=0),"","*ML(610,125)")
A4: =IF(OR('A créer'!D4="Oui",LEN('A créer'!D4)=0),"","*FN") | B4: =IF(OR('A créer'!D4="Oui",LEN('A créer'!D4)=0),"",'A créer'!A4) | C4: =IF(OR('A créer'!D4="Oui",LEN('A créer'!D4)=0),"","Tab") | D4: =IF(OR('A créer'!D4="Oui",LEN('A créer'!D4)=0),"",'A créer'!C4) | E4: Tab 4 | F4: =IF(OR('A créer'!D4="Oui",LEN('A créer'!D4)=0),"","Tab") | G4: =IF(OR('A créer'!D4="Oui",LEN('A créer'!D4)=0),"","Tab") | H4: =IF(OR('A créer'!D4="Oui",LEN('A créer'!D4)=0),"","ENT") | I4: =IF(OR('A créer'!D4="Oui",LEN('A créer'!D4)=0),"","Oui") | J4: =IF(OR('A créer'!D4="Oui",LEN('A créer'!D4)=0),"","Tab") | K4: =IF(OR('A créer'!D4="Oui",LEN('A créer'!D4)=0),"",'A créer'!H4) | L4: =IF(OR('A créer'!D4="Oui",LEN('A créer'!D4)=0),"",IF($K4="DCW",'A créer'!G4,"")) | M4: =IF(OR('A créer'!D4="Oui",LEN('A créer'!D4)=0),"","Tab") | N4: =IF(OR('A créer'!D4="Oui",LEN('A créer'!D4)=0),"",IF($K4="DLS",'A créer'!G4,"")) | O4: =IF(OR('A créer'!D4="Oui",LEN('A créer'!D4)=0),"","Tab") | P4: =IF(OR('A créer'!D4="Oui",LEN('A créer'!D4)=0),"",IF($K4="DMS",'A créer'!G4,"")) | Q4: =IF(OR('A créer'!D4="Oui",LEN('A créer'!D4)=0),"","Tab") | R4: =IF(OR('A créer'!D4="Oui",LEN('A créer'!D4)=0),"",IF($K4="DRW",'A créer'!G4,"")) | S4: =IF(OR('A créer'!D4="Oui",LEN('A créer'!D4)=0),"","Tab") | T4: =IF(OR('A créer'!D4="Oui",LEN('A créer'!D4)=0),"",IF($K4="DSW",'A créer'!G4,"")) | U4: =IF(OR('A créer'!D4="Oui",LEN('A créer'!D4)=0),"","Tab") | V4: =IF(OR('A créer'!D4="Oui",LEN('A créer'!D4)=0),"",IF($K4="DEW",'A créer'!G4,"")) | W4: =IF(OR('A créer'!D4="Oui",LEN('A créer'!D4)=0),"","Tab") | X4: =IF(OR('A créer'!D4="Oui",LEN('A créer'!D4)=0),"",IF($K4="DNA",'A créer'!G4,"")) | Y4: =IF(OR('A créer'!D4="Oui",LEN('A créer'!D4)=0),"","Tab") | Z4: =IF(OR('A créer'!D4="Oui",LEN('A créer'!D4)=0),"",IF($K4="DOS",'A créer'!G4,"")) | AA4: =IF(OR('A créer'!D4="Oui",LEN('A créer'!D4)=0),"","Tab") | AB4: =IF(OR('A créer'!D4="Oui",LEN('A créer'!D4)=0),"","Tab") | AC4: =IF(OR('A créer'!D4="Oui",LEN('A créer'!D4)=0),"","OUI") | AD4: =IF(OR('A créer'!D4="Oui",LEN('A créer'!D4)=0),"","Tab") | AE4: =IF(OR('A créer'!D4="Oui",LEN('A créer'!D4)=0),"","ENT") | AF4: =IF(OR('A créer'!D4="Oui",LEN('A créer'!D4)=0),"","*SAVE") | AG4: =IF(OR('A créer'!D4="Oui",LEN('A créer'!D4)=0),"","*FN") | AH4: =IF(OR('A créer'!D4="Oui",LEN('A créer'!D4)=0),"",CONCATENATE("A",RIGHT('A créer'!A4,3))) | AI4: =IF(OR('A créer'!D4="Oui",LEN('A créer'!D4)=0),"","Tab") | AJ4: =IF(OR('A créer'!D4="Oui",LEN('A créer'!D4)=0),"",CONCATENATE('A créer'!A4," Regroupement")) | AK4: =IF(OR('A créer'!D4="Oui",LEN('A créer'!D4)=0),"","Tab 4") | AL4: =IF(OR('A créer'!D4="Oui",LEN('A créer'!D4)=0),"","*SB") | AM4: =IF(OR('A créer'!D4="Oui",LEN('A créer'!D4)=0),"","Tab") | AN4: =IF(OR('A créer'!D4="Oui",LEN('A créer'!D4)=0),"",CONCATENATE("A",'A créer'!A4)) | AO4: =IF(OR('A créer'!D4="Oui",LEN('A créer'!D4)=0),"","Tab") | AP4: =IF(OR('A créer'!D4="Oui",LEN('A créer'!D4)=0),"","Tab") | AQ4: =IF(OR('A créer'!D4="Oui",LEN('A créer'!D4)=0),"","ENT") | AR4: =IF(OR('A créer'!D4="Oui",LEN('A créer'!D4)=0),"","Non") | AS4: =IF(OR('A créer'!D4="Oui",LEN('A créer'!D4)=0),"","Tab") | AT4: =IF(OR('A créer'!D4="Oui",LEN('A créer'!D4)=0),"","T") | AU4: =IF(OR('A créer'!D4="Oui",LEN('A créer'!D4)=0),"","Tab") | AV4: =IF(OR('A créer'!D4="Oui",LEN('A créer'!D4)=0),"","ENT") | AW4: =IF(OR('A créer'!D4="Oui",LEN('A créer'!D4)=0),"","*SAVE") | AX4: =IF(OR('A créer'!D4="Oui",LEN('A créer'!D4)=0),"","*UP") | AY4: =IF(OR('A créer'!D4="Oui",LEN('A créer'!D4)=0),"","*Aé") | AZ4: =IF(OR('A créer'!D4="Oui",LEN('A créer'!D4)=0),"",'A créer'!A4) | BA4: =IF(OR('A créer'!D4="Oui",LEN('A créer'!D4)=0),"","Tab") | BB4: =IF(OR('A créer'!D4="Oui",LEN('A créer'!D4)=0),"","*SAVE") | BC4: =IF(OR('A créer'!D4="Oui",LEN('A créer'!D4)=0),"","*ML(610,125)")
A5: =IF(OR('A créer'!D5="Oui",LEN('A créer'!D5)=0),"","*FN") | B5: =IF(OR('A créer'!D5="Oui",LEN('A créer'!D5)=0),"",'A créer'!A5) | C5: =IF(OR('A créer'!D5="Oui",LEN('A créer'!D5)=0),"","Tab") | D5: =IF(OR('A créer'!D5="Oui",LEN('A créer'!D5)=0),"",'A créer'!C5) | E5: Tab 4 | F5: =IF(OR('A créer'!D5="Oui",LEN('A créer'!D5)=0),"","Tab") | G5: =IF(OR('A créer'!D5="Oui",LEN('A créer'!D5)=0),"","Tab") | H5: =IF(OR('A créer'!D5="Oui",LEN('A créer'!D5)=0),"","ENT") | I5: =IF(OR('A créer'!D5="Oui",LEN('A créer'!D5)=0),"","Oui") | J5: =IF(OR('A créer'!D5="Oui",LEN('A créer'!D5)=0),"","Tab") | K5: =IF(OR('A créer'!D5="Oui",LEN('A créer'!D5)=0),"",'A créer'!H5) | L5: =IF(OR('A créer'!D5="Oui",LEN('A créer'!D5)=0),"",IF($K5="DCW",'A créer'!G5,"")) | M5: =IF(OR('A créer'!D5="Oui",LEN('A créer'!D5)=0),"","Tab") | N5: =IF(OR('A créer'!D5="Oui",LEN('A créer'!D5)=0),"",IF($K5="DLS",'A créer'!G5,"")) | O5: =IF(OR('A créer'!D5="Oui",LEN('A créer'!D5)=0),"","Tab") | P5: =IF(OR('A créer'!D5="Oui",LEN('A créer'!D5)=0),"",IF($K5="DMS",'A créer'!G5,"")) | Q5: =IF(OR('A créer'!D5="Oui",LEN('A créer'!D5)=0),"","Tab") | R5: =IF(OR('A créer'!D5="Oui",LEN('A créer'!D5)=0),"",IF($K5="DRW",'A créer'!G5,"")) | S5: =IF(OR('A créer'!D5="Oui",LEN('A créer'!D5)=0),"","Tab") | T5: =IF(OR('A créer'!D5="Oui",LEN('A créer'!D5)=0),"",IF($K5="DSW",'A créer'!G5,"")) | U5: =IF(OR('A créer'!D5="Oui",LEN('A créer'!D5)=0),"","Tab") | V5: =IF(OR('A créer'!D5="Oui",LEN('A créer'!D5)=0),"",IF($K5="DEW",'A créer'!G5,"")) | W5: =IF(OR('A créer'!D5="Oui",LEN('A créer'!D5)=0),"","Tab") | X5: =IF(OR('A créer'!D5="Oui",LEN('A créer'!D5)=0),"",IF($K5="DNA",'A créer'!G5,"")) | Y5: =IF(OR('A créer'!D5="Oui",LEN('A créer'!D5)=0),"","Tab") | Z5: =IF(OR('A créer'!D5="Oui",LEN('A créer'!D5)=0),"",IF($K5="DOS",'A créer'!G5,"")) | AA5: =IF(OR('A créer'!D5="Oui",LEN('A créer'!D5)=0),"","Tab") | AB5: =IF(OR('A créer'!D5="Oui",LEN('A créer'!D5)=0),"","Tab") | AC5: =IF(OR('A créer'!D5="Oui",LEN('A créer'!D5)=0),"","OUI") | AD5: =IF(OR('A créer'!D5="Oui",LEN('A créer'!D5)=0),"","Tab") | AE5: =IF(OR('A créer'!D5="Oui",LEN('A créer'!D5)=0),"","ENT") | AF5: =IF(OR('A créer'!D5="Oui",LEN('A créer'!D5)=0),"","*SAVE") | AG5: =IF(OR('A créer'!D5="Oui",LEN('A créer'!D5)=0),"","*FN") | AH5: =IF(OR('A créer'!D5="Oui",LEN('A créer'!D5)=0),"",CONCATENATE("A",RIGHT('A créer'!A5,3))) | AI5: =IF(OR('A créer'!D5="Oui",LEN('A créer'!D5)=0),"","Tab") | AJ5: =IF(OR('A créer'!D5="Oui",LEN('A créer'!D5)=0),"",CONCATENATE('A créer'!A5," Regroupement")) | AK5: =IF(OR('A créer'!D5="Oui",LEN('A créer'!D5)=0),"","Tab 4") | AL5: =IF(OR('A créer'!D5="Oui",LEN('A créer'!D5)=0),"","*SB") | AM5: =IF(OR('A créer'!D5="Oui",LEN('A créer'!D5)=0),"","Tab") | AN5: =IF(OR('A créer'!D5="Oui",LEN('A créer'!D5)=0),"",CONCATENATE("A",'A créer'!A5)) | AO5: =IF(OR('A créer'!D5="Oui",LEN('A créer'!D5)=0),"","Tab") | AP5: =IF(OR('A créer'!D5="Oui",LEN('A créer'!D5)=0),"","Tab") | AQ5: =IF(OR('A créer'!D5="Oui",LEN('A créer'!D5)=0),"","ENT") | AR5: =IF(OR('A créer'!D5="Oui",LEN('A créer'!D5)=0),"","Non") | AS5: =IF(OR('A créer'!D5="Oui",LEN('A créer'!D5)=0),"","Tab") | AT5: =IF(OR('A créer'!D5="Oui",LEN('A créer'!D5)=0),"","T") | AU5: =IF(OR('A créer'!D5="Oui",LEN('A créer'!D5)=0),"","Tab") | AV5: =IF(OR('A créer'!D5="Oui",LEN('A créer'!D5)=0),"","ENT") | AW5: =IF(OR('A créer'!D5="Oui",LEN('A créer'!D5)=0),"","*SAVE") | AX5: =IF(OR('A créer'!D5="Oui",LEN('A créer'!D5)=0),"","*UP") | AY5: =IF(OR('A créer'!D5="Oui",LEN('A créer'!D5)=0),"","*Aé") | AZ5: =IF(OR('A créer'!D5="Oui",LEN('A créer'!D5)=0),"",'A créer'!A5) | BA5: =IF(OR('A créer'!D5="Oui",LEN('A créer'!D5)=0),"","Tab") | BB5: =IF(OR('A créer'!D5="Oui",LEN('A créer'!D5)=0),"","*SAVE") | BC5: =IF(OR('A créer'!D5="Oui",LEN('A créer'!D5)=0),"","*ML(610,125)")
A6: =IF(OR('A créer'!D6="Oui",LEN('A créer'!D6)=0),"","*FN") -> *FN | B6: =IF(OR('A créer'!D6="Oui",LEN('A créer'!D6)=0),"",'A créer'!A6) -> 0401 | C6: =IF(OR('A créer'!D6="Oui",LEN('A créer'!D6)=0),"","Tab") -> Tab | D6: =IF(OR('A créer'!D6="Oui",LEN('A créer'!D6)=0),"",'A créer'!C6) -> SOCIETE VALMY DEFENSE 101 | E6: Tab 4 | F6: =IF(OR('A créer'!D6="Oui",LEN('A créer'!D6)=0),"","Tab") -> Tab | G6: =IF(OR('A créer'!D6="Oui",LEN('A créer'!D6)=0),"","Tab") -> Tab | H6: =IF(OR('A créer'!D6="Oui",LEN('A créer'!D6)=0),"","ENT") -> ENT | I6: =IF(OR('A créer'!D6="Oui",LEN('A créer'!D6)=0),"","Oui") -> Oui | J6: =IF(OR('A créer'!D6="Oui",LEN('A créer'!D6)=0),"","Tab") -> Tab | K6: =IF(OR('A créer'!D6="Oui",LEN('A créer'!D6)=0),"",'A créer'!H6) -> DRW | L6: =IF(OR('A créer'!D6="Oui",LEN('A créer'!D6)=0),"",IF($K6="DCW",'A créer'!G6,"")) | M6: =IF(OR('A créer'!D6="Oui",LEN('A créer'!D6)=0),"","Tab") -> Tab | N6: =IF(OR('A créer'!D6="Oui",LEN('A créer'!D6)=0),"",IF($K6="DLS",'A créer'!G6,"")) | O6: =IF(OR('A créer'!D6="Oui",LEN('A créer'!D6)=0),"","Tab") -> Tab | P6: =IF(OR('A créer'!D6="Oui",LEN('A créer'!D6)=0),"",IF($K6="DMS",'A créer'!G6,"")) | Q6: =IF(OR('A créer'!D6="Oui",LEN('A créer'!D6)=0),"","Tab") -> Tab | R6: =IF(OR('A créer'!D6="Oui",LEN('A créer'!D6)=0),"",IF($K6="DRW",'A créer'!G6,"")) -> S0101 | S6: =IF(OR('A créer'!D6="Oui",LEN('A créer'!D6)=0),"","Tab") -> Tab | T6: =IF(OR('A créer'!D6="Oui",LEN('A créer'!D6)=0),"",IF($K6="DSW",'A créer'!G6,"")) | U6: =IF(OR('A créer'!D6="Oui",LEN('A créer'!D6)=0),"","Tab") -> Tab | V6: =IF(OR('A créer'!D6="Oui",LEN('A créer'!D6)=0),"",IF($K6="DEW",'A créer'!G6,"")) | W6: =IF(OR('A créer'!D6="Oui",LEN('A créer'!D6)=0),"","Tab") -> Tab | X6: =IF(OR('A créer'!D6="Oui",LEN('A créer'!D6)=0),"",IF($K6="DNA",'A créer'!G6,"")) | Y6: =IF(OR('A créer'!D6="Oui",LEN('A créer'!D6)=0),"","Tab") -> Tab | Z6: =IF(OR('A créer'!D6="Oui",LEN('A créer'!D6)=0),"",IF($K6="DOS",'A créer'!G6,"")) | AA6: =IF(OR('A créer'!D6="Oui",LEN('A créer'!D6)=0),"","Tab") -> Tab | AB6: =IF(OR('A créer'!D6="Oui",LEN('A créer'!D6)=0),"","Tab") -> Tab | AC6: =IF(OR('A créer'!D6="Oui",LEN('A créer'!D6)=0),"","OUI") -> OUI | AD6: =IF(OR('A créer'!D6="Oui",LEN('A créer'!D6)=0),"","Tab") -> Tab | AE6: =IF(OR('A créer'!D6="Oui",LEN('A créer'!D6)=0),"","ENT") -> ENT | AF6: =IF(OR('A créer'!D6="Oui",LEN('A créer'!D6)=0),"","*SAVE") -> *SAVE | AG6: =IF(OR('A créer'!D6="Oui",LEN('A créer'!D6)=0),"","*FN") -> *FN | AH6: =IF(OR('A créer'!D6="Oui",LEN('A créer'!D6)=0),"",CONCATENATE("A",RIGHT('A créer'!A6,3))) -> A401 | AI6: =IF(OR('A créer'!D6="Oui",LEN('A créer'!D6)=0),"","Tab") -> Tab | AJ6: =IF(OR('A créer'!D6="Oui",LEN('A créer'!D6)=0),"",CONCATENATE('A créer'!A6," Regroupement")) -> 0401 Regroupement | AK6: =IF(OR('A créer'!D6="Oui",LEN('A créer'!D6)=0),"","Tab 4") -> Tab 4 | AL6: =IF(OR('A créer'!D6="Oui",LEN('A créer'!D6)=0),"","*SB") -> *SB | AM6: =IF(OR('A créer'!D6="Oui",LEN('A créer'!D6)=0),"","Tab") -> Tab | AN6: =IF(OR('A créer'!D6="Oui",LEN('A créer'!D6)=0),"",CONCATENATE("A",'A créer'!A6)) -> A0401 | AO6: =IF(OR('A créer'!D6="Oui",LEN('A créer'!D6)=0),"","Tab") -> Tab | AP6: =IF(OR('A créer'!D6="Oui",LEN('A créer'!D6)=0),"","Tab") -> Tab | AQ6: =IF(OR('A créer'!D6="Oui",LEN('A créer'!D6)=0),"","ENT") -> ENT | AR6: =IF(OR('A créer'!D6="Oui",LEN('A créer'!D6)=0),"","Non") -> Non | AS6: =IF(OR('A créer'!D6="Oui",LEN('A créer'!D6)=0),"","Tab") -> Tab | AT6: =IF(OR('A créer'!D6="Oui",LEN('A créer'!D6)=0),"","T") -> T | AU6: =IF(OR('A créer'!D6="Oui",LEN('A créer'!D6)=0),"","Tab") -> Tab | AV6: =IF(OR('A créer'!D6="Oui",LEN('A créer'!D6)=0),"","ENT") -> ENT | AW6: =IF(OR('A créer'!D6="Oui",LEN('A créer'!D6)=0),"","*SAVE") -> *SAVE | AX6: =IF(OR('A créer'!D6="Oui",LEN('A créer'!D6)=0),"","*UP") -> *UP | AY6: =IF(OR('A créer'!D6="Oui",LEN('A créer'!D6)=0),"","*Aé") -> *Aé | AZ6: =IF(OR('A créer'!D6="Oui",LEN('A créer'!D6)=0),"",'A créer'!A6) -> 0401 | BA6: =IF(OR('A créer'!D6="Oui",LEN('A créer'!D6)=0),"","Tab") -> Tab | BB6: =IF(OR('A créer'!D6="Oui",LEN('A créer'!D6)=0),"","*SAVE") -> *SAVE | BC6: =IF(OR('A créer'!D6="Oui",LEN('A créer'!D6)=0),"","*ML(610,125)") -> *ML(610,125)
A7: =IF(OR('A créer'!D7="Oui",LEN('A créer'!D7)=0),"","*FN") | B7: =IF(OR('A créer'!D7="Oui",LEN('A créer'!D7)=0),"",'A créer'!A7) | C7: =IF(OR('A créer'!D7="Oui",LEN('A créer'!D7)=0),"","Tab") | D7: =IF(OR('A créer'!D7="Oui",LEN('A créer'!D7)=0),"",'A créer'!C7) | E7: Tab 4 | F7: =IF(OR('A créer'!D7="Oui",LEN('A créer'!D7)=0),"","Tab") | G7: =IF(OR('A créer'!D7="Oui",LEN('A créer'!D7)=0),"","Tab") | H7: =IF(OR('A créer'!D7="Oui",LEN('A créer'!D7)=0),"","ENT") | I7: =IF(OR('A créer'!D7="Oui",LEN('A créer'!D7)=0),"","Oui") | J7: =IF(OR('A créer'!D7="Oui",LEN('A créer'!D7)=0),"","Tab") | K7: =IF(OR('A créer'!D7="Oui",LEN('A créer'!D7)=0),"",'A créer'!H7) | L7: =IF(OR('A créer'!D7="Oui",LEN('A créer'!D7)=0),"",IF($K7="DCW",'A créer'!G7,"")) | M7: =IF(OR('A créer'!D7="Oui",LEN('A créer'!D7)=0),"","Tab") | N7: =IF(OR('A créer'!D7="Oui",LEN('A créer'!D7)=0),"",IF($K7="DLS",'A créer'!G7,"")) | O7: =IF(OR('A créer'!D7="Oui",LEN('A créer'!D7)=0),"","Tab") | P7: =IF(OR('A créer'!D7="Oui",LEN('A créer'!D7)=0),"",IF($K7="DMS",'A créer'!G7,"")) | Q7: =IF(OR('A créer'!D7="Oui",LEN('A créer'!D7)=0),"","Tab") | R7: =IF(OR('A créer'!D7="Oui",LEN('A créer'!D7)=0),"",IF($K7="DRW",'A créer'!G7,"")) | S7: =IF(OR('A créer'!D7="Oui",LEN('A créer'!D7)=0),"","Tab") | T7: =IF(OR('A créer'!D7="Oui",LEN('A créer'!D7)=0),"",IF($K7="DSW",'A créer'!G7,"")) | U7: =IF(OR('A créer'!D7="Oui",LEN('A créer'!D7)=0),"","Tab") | V7: =IF(OR('A créer'!D7="Oui",LEN('A créer'!D7)=0),"",IF($K7="DEW",'A créer'!G7,"")) | W7: =IF(OR('A créer'!D7="Oui",LEN('A créer'!D7)=0),"","Tab") | X7: =IF(OR('A créer'!D7="Oui",LEN('A créer'!D7)=0),"",IF($K7="DNA",'A créer'!G7,"")) | Y7: =IF(OR('A créer'!D7="Oui",LEN('A créer'!D7)=0),"","Tab") | Z7: =IF(OR('A créer'!D7="Oui",LEN('A créer'!D7)=0),"",IF($K7="DOS",'A créer'!G7,"")) | AA7: =IF(OR('A créer'!D7="Oui",LEN('A créer'!D7)=0),"","Tab") | AB7: =IF(OR('A créer'!D7="Oui",LEN('A créer'!D7)=0),"","Tab") | AC7: =IF(OR('A créer'!D7="Oui",LEN('A créer'!D7)=0),"","OUI") | AD7: =IF(OR('A créer'!D7="Oui",LEN('A créer'!D7)=0),"","Tab") | AE7: =IF(OR('A créer'!D7="Oui",LEN('A créer'!D7)=0),"","ENT") | AF7: =IF(OR('A créer'!D7="Oui",LEN('A créer'!D7)=0),"","*SAVE") | AG7: =IF(OR('A créer'!D7="Oui",LEN('A créer'!D7)=0),"","*FN") | AH7: =IF(OR('A créer'!D7="Oui",LEN('A créer'!D7)=0),"",CONCATENATE("A",RIGHT('A créer'!A7,3))) | AI7: =IF(OR('A créer'!D7="Oui",LEN('A créer'!D7)=0),"","Tab") | AJ7: =IF(OR('A créer'!D7="Oui",LEN('A créer'!D7)=0),"",CONCATENATE('A créer'!A7," Regroupement")) | AK7: =IF(OR('A créer'!D7="Oui",LEN('A créer'!D7)=0),"","Tab 4") | AL7: =IF(OR('A créer'!D7="Oui",LEN('A créer'!D7)=0),"","*SB") | AM7: =IF(OR('A créer'!D7="Oui",LEN('A créer'!D7)=0),"","Tab") | AN7: =IF(OR('A créer'!D7="Oui",LEN('A créer'!D7)=0),"",CONCATENATE("A",'A créer'!A7)) | AO7: =IF(OR('A créer'!D7="Oui",LEN('A créer'!D7)=0),"","Tab") | AP7: =IF(OR('A créer'!D7="Oui",LEN('A créer'!D7)=0),"","Tab") | AQ7: =IF(OR('A créer'!D7="Oui",LEN('A créer'!D7)=0),"","ENT") | AR7: =IF(OR('A créer'!D7="Oui",LEN('A créer'!D7)=0),"","Non") | AS7: =IF(OR('A créer'!D7="Oui",LEN('A créer'!D7)=0),"","Tab") | AT7: =IF(OR('A créer'!D7="Oui",LEN('A créer'!D7)=0),"","T") | AU7: =IF(OR('A créer'!D7="Oui",LEN('A créer'!D7)=0),"","Tab") | AV7: =IF(OR('A créer'!D7="Oui",LEN('A créer'!D7)=0),"","ENT") | AW7: =IF(OR('A créer'!D7="Oui",LEN('A créer'!D7)=0),"","*SAVE") | AX7: =IF(OR('A créer'!D7="Oui",LEN('A créer'!D7)=0),"","*UP") | AY7: =IF(OR('A créer'!D7="Oui",LEN('A créer'!D7)=0),"","*Aé") | AZ7: =IF(OR('A créer'!D7="Oui",LEN('A créer'!D7)=0),"",'A créer'!A7) | BA7: =IF(OR('A créer'!D7="Oui",LEN('A créer'!D7)=0),"","Tab") | BB7: =IF(OR('A créer'!D7="Oui",LEN('A créer'!D7)=0),"","*SAVE") | BC7: =IF(OR('A créer'!D7="Oui",LEN('A créer'!D7)=0),"","*ML(610,125)")
A8: =IF(OR('A créer'!D8="Oui",LEN('A créer'!D8)=0),"","*FN") | B8: =IF(OR('A créer'!D8="Oui",LEN('A créer'!D8)=0),"",'A créer'!A8) | C8: =IF(OR('A créer'!D8="Oui",LEN('A créer'!D8)=0),"","Tab") | D8: =IF(OR('A créer'!D8="Oui",LEN('A créer'!D8)=0),"",'A créer'!C8) | E8: Tab 4 | F8: =IF(OR('A créer'!D8="Oui",LEN('A créer'!D8)=0),"","Tab") | G8: =IF(OR('A créer'!D8="Oui",LEN('A créer'!D8)=0),"","Tab") | H8: =IF(OR('A créer'!D8="Oui",LEN('A créer'!D8)=0),"","ENT") | I8: =IF(OR('A créer'!D8="Oui",LEN('A créer'!D8)=0),"","Oui") | J8: =IF(OR('A créer'!D8="Oui",LEN('A créer'!D8)=0),"","Tab") | K8: =IF(OR('A créer'!D8="Oui",LEN('A créer'!D8)=0),"",'A créer'!H8) | L8: =IF(OR('A créer'!D8="Oui",LEN('A créer'!D8)=0),"",IF($K8="DCW",'A créer'!G8,"")) | M8: =IF(OR('A créer'!D8="Oui",LEN('A créer'!D8)=0),"","Tab") | N8: =IF(OR('A créer'!D8="Oui",LEN('A créer'!D8)=0),"",IF($K8="DLS",'A créer'!G8,"")) | O8: =IF(OR('A créer'!D8="Oui",LEN('A créer'!D8)=0),"","Tab") | P8: =IF(OR('A créer'!D8="Oui",LEN('A créer'!D8)=0),"",IF($K8="DMS",'A créer'!G8,"")) | Q8: =IF(OR('A créer'!D8="Oui",LEN('A créer'!D8)=0),"","Tab") | R8: =IF(OR('A créer'!D8="Oui",LEN('A créer'!D8)=0),"",IF($K8="DRW",'A créer'!G8,"")) | S8: =IF(OR('A créer'!D8="Oui",LEN('A créer'!D8)=0),"","Tab") | T8: =IF(OR('A créer'!D8="Oui",LEN('A créer'!D8)=0),"",IF($K8="DSW",'A créer'!G8,"")) | U8: =IF(OR('A créer'!D8="Oui",LEN('A créer'!D8)=0),"","Tab") | V8: =IF(OR('A créer'!D8="Oui",LEN('A créer'!D8)=0),"",IF($K8="DEW",'A créer'!G8,"")) | W8: =IF(OR('A créer'!D8="Oui",LEN('A créer'!D8)=0),"","Tab") | X8: =IF(OR('A créer'!D8="Oui",LEN('A créer'!D8)=0),"",IF($K8="DNA",'A créer'!G8,"")) | Y8: =IF(OR('A créer'!D8="Oui",LEN('A créer'!D8)=0),"","Tab") | Z8: =IF(OR('A créer'!D8="Oui",LEN('A créer'!D8)=0),"",IF($K8="DOS",'A créer'!G8,"")) | AA8: =IF(OR('A créer'!D8="Oui",LEN('A créer'!D8)=0),"","Tab") | AB8: =IF(OR('A créer'!D8="Oui",LEN('A créer'!D8)=0),"","Tab") | AC8: =IF(OR('A créer'!D8="Oui",LEN('A créer'!D8)=0),"","OUI") | AD8: =IF(OR('A créer'!D8="Oui",LEN('A créer'!D8)=0),"","Tab") | AE8: =IF(OR('A créer'!D8="Oui",LEN('A créer'!D8)=0),"","ENT") | AF8: =IF(OR('A créer'!D8="Oui",LEN('A créer'!D8)=0),"","*SAVE") | AG8: =IF(OR('A créer'!D8="Oui",LEN('A créer'!D8)=0),"","*FN") | AH8: =IF(OR('A créer'!D8="Oui",LEN('A créer'!D8)=0),"",CONCATENATE("A",RIGHT('A créer'!A8,3))) | AI8: =IF(OR('A créer'!D8="Oui",LEN('A créer'!D8)=0),"","Tab") | AJ8: =IF(OR('A créer'!D8="Oui",LEN('A créer'!D8)=0),"",CONCATENATE('A créer'!A8," Regroupement")) | AK8: =IF(OR('A créer'!D8="Oui",LEN('A créer'!D8)=0),"","Tab 4") | AL8: =IF(OR('A créer'!D8="Oui",LEN('A créer'!D8)=0),"","*SB") | AM8: =IF(OR('A créer'!D8="Oui",LEN('A créer'!D8)=0),"","Tab") | AN8: =IF(OR('A créer'!D8="Oui",LEN('A créer'!D8)=0),"",CONCATENATE("A",'A créer'!A8)) | AO8: =IF(OR('A créer'!D8="Oui",LEN('A créer'!D8)=0),"","Tab") | AP8: =IF(OR('A créer'!D8="Oui",LEN('A créer'!D8)=0),"","Tab") | AQ8: =IF(OR('A créer'!D8="Oui",LEN('A créer'!D8)=0),"","ENT") | AR8: =IF(OR('A créer'!D8="Oui",LEN('A créer'!D8)=0),"","Non") | AS8: =IF(OR('A créer'!D8="Oui",LEN('A créer'!D8)=0),"","Tab") | AT8: =IF(OR('A créer'!D8="Oui",LEN('A créer'!D8)=0),"","T") | AU8: =IF(OR('A créer'!D8="Oui",LEN('A créer'!D8)=0),"","Tab") | AV8: =IF(OR('A créer'!D8="Oui",LEN('A créer'!D8)=0),"","ENT") | AW8: =IF(OR('A créer'!D8="Oui",LEN('A créer'!D8)=0),"","*SAVE") | AX8: =IF(OR('A créer'!D8="Oui",LEN('A créer'!D8)=0),"","*UP") | AY8: =IF(OR('A créer'!D8="Oui",LEN('A créer'!D8)=0),"","*Aé") | AZ8: =IF(OR('A créer'!D8="Oui",LEN('A créer'!D8)=0),"",'A créer'!A8) | BA8: =IF(OR('A créer'!D8="Oui",LEN('A créer'!D8)=0),"","Tab") | BB8: =IF(OR('A créer'!D8="Oui",LEN('A créer'!D8)=0),"","*SAVE") | BC8: =IF(OR('A créer'!D8="Oui",LEN('A créer'!D8)=0),"","*ML(610,125)")
A9: =IF(OR('A créer'!D9="Oui",LEN('A créer'!D9)=0),"","*FN") | B9: =IF(OR('A créer'!D9="Oui",LEN('A créer'!D9)=0),"",'A créer'!A9) | C9: =IF(OR('A créer'!D9="Oui",LEN('A créer'!D9)=0),"","Tab") | D9: =IF(OR('A créer'!D9="Oui",LEN('A créer'!D9)=0),"",'A créer'!C9) | E9: Tab 4 | F9: =IF(OR('A créer'!D9="Oui",LEN('A créer'!D9)=0),"","Tab") | G9: =IF(OR('A créer'!D9="Oui",LEN('A créer'!D9)=0),"","Tab") | H9: =IF(OR('A créer'!D9="Oui",LEN('A créer'!D9)=0),"","ENT") | I9: =IF(OR('A créer'!D9="Oui",LEN('A créer'!D9)=0),"","Oui") | J9: =IF(OR('A créer'!D9="Oui",LEN('A créer'!D9)=0),"","Tab") | K9: =IF(OR('A créer'!D9="Oui",LEN('A créer'!D9)=0),"",'A créer'!H9) | L9: =IF(OR('A créer'!D9="Oui",LEN('A créer'!D9)=0),"",IF($K9="DCW",'A créer'!G9,"")) | M9: =IF(OR('A créer'!D9="Oui",LEN('A créer'!D9)=0),"","Tab") | N9: =IF(OR('A créer'!D9="Oui",LEN('A créer'!D9)=0),"",IF($K9="DLS",'A créer'!G9,"")) | O9: =IF(OR('A créer'!D9="Oui",LEN('A créer'!D9)=0),"","Tab") | P9: =IF(OR('A créer'!D9="Oui",LEN('A créer'!D9)=0),"",IF($K9="DMS",'A créer'!G9,"")) | Q9: =IF(OR('A créer'!D9="Oui",LEN('A créer'!D9)=0),"","Tab") | R9: =IF(OR('A créer'!D9="Oui",LEN('A créer'!D9)=0),"",IF($K9="DRW",'A créer'!G9,"")) | S9: =IF(OR('A créer'!D9="Oui",LEN('A créer'!D9)=0),"","Tab") | T9: =IF(OR('A créer'!D9="Oui",LEN('A créer'!D9)=0),"",IF($K9="DSW",'A créer'!G9,"")) | U9: =IF(OR('A créer'!D9="Oui",LEN('A créer'!D9)=0),"","Tab") | V9: =IF(OR('A créer'!D9="Oui",LEN('A créer'!D9)=0),"",IF($K9="DEW",'A créer'!G9,"")) | W9: =IF(OR('A créer'!D9="Oui",LEN('A créer'!D9)=0),"","Tab") | X9: =IF(OR('A créer'!D9="Oui",LEN('A créer'!D9)=0),"",IF($K9="DNA",'A créer'!G9,"")) | Y9: =IF(OR('A créer'!D9="Oui",LEN('A créer'!D9)=0),"","Tab") | Z9: =IF(OR('A créer'!D9="Oui",LEN('A créer'!D9)=0),"",IF($K9="DOS",'A créer'!G9,"")) | AA9: =IF(OR('A créer'!D9="Oui",LEN('A créer'!D9)=0),"","Tab") | AB9: =IF(OR('A créer'!D9="Oui",LEN('A créer'!D9)=0),"","Tab") | AC9: =IF(OR('A créer'!D9="Oui",LEN('A créer'!D9)=0),"","OUI") | AD9: =IF(OR('A créer'!D9="Oui",LEN('A créer'!D9)=0),"","Tab") | AE9: =IF(OR('A créer'!D9="Oui",LEN('A créer'!D9)=0),"","ENT") | AF9: =IF(OR('A créer'!D9="Oui",LEN('A créer'!D9)=0),"","*SAVE") | AG9: =IF(OR('A créer'!D9="Oui",LEN('A créer'!D9)=0),"","*FN") | AH9: =IF(OR('A créer'!D9="Oui",LEN('A créer'!D9)=0),"",CONCATENATE("A",RIGHT('A créer'!A9,3))) | AI9: =IF(OR('A créer'!D9="Oui",LEN('A créer'!D9)=0),"","Tab") | AJ9: =IF(OR('A créer'!D9="Oui",LEN('A créer'!D9)=0),"",CONCATENATE('A créer'!A9," Regroupement")) | AK9: =IF(OR('A créer'!D9="Oui",LEN('A créer'!D9)=0),"","Tab 4") | AL9: =IF(OR('A créer'!D9="Oui",LEN('A créer'!D9)=0),"","*SB") | AM9: =IF(OR('A créer'!D9="Oui",LEN('A créer'!D9)=0),"","Tab") | AN9: =IF(OR('A créer'!D9="Oui",LEN('A créer'!D9)=0),"",CONCATENATE("A",'A créer'!A9)) | AO9: =IF(OR('A créer'!D9="Oui",LEN('A créer'!D9)=0),"","Tab") | AP9: =IF(OR('A créer'!D9="Oui",LEN('A créer'!D9)=0),"","Tab") | AQ9: =IF(OR('A créer'!D9="Oui",LEN('A créer'!D9)=0),"","ENT") | AR9: =IF(OR('A créer'!D9="Oui",LEN('A créer'!D9)=0),"","Non") | AS9: =IF(OR('A créer'!D9="Oui",LEN('A créer'!D9)=0),"","Tab") | AT9: =IF(OR('A créer'!D9="Oui",LEN('A créer'!D9)=0),"","T") | AU9: =IF(OR('A créer'!D9="Oui",LEN('A créer'!D9)=0),"","Tab") | AV9: =IF(OR('A créer'!D9="Oui",LEN('A créer'!D9)=0),"","ENT") | AW9: =IF(OR('A créer'!D9="Oui",LEN('A créer'!D9)=0),"","*SAVE") | AX9: =IF(OR('A créer'!D9="Oui",LEN('A créer'!D9)=0),"","*UP") | AY9: =IF(OR('A créer'!D9="Oui",LEN('A créer'!D9)=0),"","*Aé") | AZ9: =IF(OR('A créer'!D9="Oui",LEN('A créer'!D9)=0),"",'A créer'!A9) | BA9: =IF(OR('A créer'!D9="Oui",LEN('A créer'!D9)=0),"","Tab") | BB9: =IF(OR('A créer'!D9="Oui",LEN('A créer'!D9)=0),"","*SAVE") | BC9: =IF(OR('A créer'!D9="Oui",LEN('A créer'!D9)=0),"","*ML(610,125)")
A10: =IF(OR('A créer'!D10="Oui",LEN('A créer'!D10)=0),"","*FN") | B10: =IF(OR('A créer'!D10="Oui",LEN('A créer'!D10)=0),"",'A créer'!A10) | C10: =IF(OR('A créer'!D10="Oui",LEN('A créer'!D10)=0),"","Tab") | D10: =IF(OR('A créer'!D10="Oui",LEN('A créer'!D10)=0),"",'A créer'!C10) | E10: Tab 4 | F10: =IF(OR('A créer'!D10="Oui",LEN('A créer'!D10)=0),"","Tab") | G10: =IF(OR('A créer'!D10="Oui",LEN('A créer'!D10)=0),"","Tab") | H10: =IF(OR('A créer'!D10="Oui",LEN('A créer'!D10)=0),"","ENT") | I10: =IF(OR('A créer'!D10="Oui",LEN('A créer'!D10)=0),"","Oui") | J10: =IF(OR('A créer'!D10="Oui",LEN('A créer'!D10)=0),"","Tab") | K10: =IF(OR('A créer'!D10="Oui",LEN('A créer'!D10)=0),"",'A créer'!H10) | L10: =IF(OR('A créer'!D10="Oui",LEN('A créer'!D10)=0),"",IF($K10="DCW",'A créer'!G10,"")) | M10: =IF(OR('A créer'!D10="Oui",LEN('A créer'!D10)=0),"","Tab") | N10: =IF(OR('A créer'!D10="Oui",LEN('A créer'!D10)=0),"",IF($K10="DLS",'A créer'!G10,"")) | O10: =IF(OR('A créer'!D10="Oui",LEN('A créer'!D10)=0),"","Tab") | P10: =IF(OR('A créer'!D10="Oui",LEN('A créer'!D10)=0),"",IF($K10="DMS",'A créer'!G10,"")) | Q10: =IF(OR('A créer'!D10="Oui",LEN('A créer'!D10)=0),"","Tab") | R10: =IF(OR('A créer'!D10="Oui",LEN('A créer'!D10)=0),"",IF($K10="DRW",'A créer'!G10,"")) | S10: =IF(OR('A créer'!D10="Oui",LEN('A créer'!D10)=0),"","Tab") | T10: =IF(OR('A créer'!D10="Oui",LEN('A créer'!D10)=0),"",IF($K10="DSW",'A créer'!G10,"")) | U10: =IF(OR('A créer'!D10="Oui",LEN('A créer'!D10)=0),"","Tab") | V10: =IF(OR('A créer'!D10="Oui",LEN('A créer'!D10)=0),"",IF($K10="DEW",'A créer'!G10,"")) | W10: =IF(OR('A créer'!D10="Oui",LEN('A créer'!D10)=0),"","Tab") | X10: =IF(OR('A créer'!D10="Oui",LEN('A créer'!D10)=0),"",IF($K10="DNA",'A créer'!G10,"")) | Y10: =IF(OR('A créer'!D10="Oui",LEN('A créer'!D10)=0),"","Tab") | Z10: =IF(OR('A créer'!D10="Oui",LEN('A créer'!D10)=0),"",IF($K10="DOS",'A créer'!G10,"")) | AA10: =IF(OR('A créer'!D10="Oui",LEN('A créer'!D10)=0),"","Tab") | AB10: =IF(OR('A créer'!D10="Oui",LEN('A créer'!D10)=0),"","Tab") | AC10: =IF(OR('A créer'!D10="Oui",LEN('A créer'!D10)=0),"","OUI") | AD10: =IF(OR('A créer'!D10="Oui",LEN('A créer'!D10)=0),"","Tab") | AE10: =IF(OR('A créer'!D10="Oui",LEN('A créer'!D10)=0),"","ENT") | AF10: =IF(OR('A créer'!D10="Oui",LEN('A créer'!D10)=0),"","*SAVE") | AG10: =IF(OR('A créer'!D10="Oui",LEN('A créer'!D10)=0),"","*FN") | AH10: =IF(OR('A créer'!D10="Oui",LEN('A créer'!D10)=0),"",CONCATENATE("A",RIGHT('A créer'!A10,3))) | AI10: =IF(OR('A créer'!D10="Oui",LEN('A créer'!D10)=0),"","Tab") | AJ10: =IF(OR('A créer'!D10="Oui",LEN('A créer'!D10)=0),"",CONCATENATE('A créer'!A10," Regroupement")) | AK10: =IF(OR('A créer'!D10="Oui",LEN('A créer'!D10)=0),"","Tab 4") | AL10: =IF(OR('A créer'!D10="Oui",LEN('A créer'!D10)=0),"","*SB") | AM10: =IF(OR('A créer'!D10="Oui",LEN('A créer'!D10)=0),"","Tab") | AN10: =IF(OR('A créer'!D10="Oui",LEN('A créer'!D10)=0),"",CONCATENATE("A",'A créer'!A10)) | AO10: =IF(OR('A créer'!D10="Oui",LEN('A créer'!D10)=0),"","Tab") | AP10: =IF(OR('A créer'!D10="Oui",LEN('A créer'!D10)=0),"","Tab") | AQ10: =IF(OR('A créer'!D10="Oui",LEN('A créer'!D10)=0),"","ENT") | AR10: =IF(OR('A créer'!D10="Oui",LEN('A créer'!D10)=0),"","Non") | AS10: =IF(OR('A créer'!D10="Oui",LEN('A créer'!D10)=0),"","Tab") | AT10: =IF(OR('A créer'!D10="Oui",LEN('A créer'!D10)=0),"","T") | AU10: =IF(OR('A créer'!D10="Oui",LEN('A créer'!D10)=0),"","Tab") | AV10: =IF(OR('A créer'!D10="Oui",LEN('A créer'!D10)=0),"","ENT") | AW10: =IF(OR('A créer'!D10="Oui",LEN('A créer'!D10)=0),"","*SAVE") | AX10: =IF(OR('A créer'!D10="Oui",LEN('A créer'!D10)=0),"","*UP") | AY10: =IF(OR('A créer'!D10="Oui",LEN('A créer'!D10)=0),"","*Aé") | AZ10: =IF(OR('A créer'!D10="Oui",LEN('A créer'!D10)=0),"",'A créer'!A10) | BA10: =IF(OR('A créer'!D10="Oui",LEN('A créer'!D10)=0),"","Tab") | BB10: =IF(OR('A créer'!D10="Oui",LEN('A créer'!D10)=0),"","*SAVE") | BC10: =IF(OR('A créer'!D10="Oui",LEN('A créer'!D10)=0),"","*ML(610,125)")
A11: =IF(OR('A créer'!D11="Oui",LEN('A créer'!D11)=0),"","*FN") | B11: =IF(OR('A créer'!D11="Oui",LEN('A créer'!D11)=0),"",'A créer'!A11) | C11: =IF(OR('A créer'!D11="Oui",LEN('A créer'!D11)=0),"","Tab") | D11: =IF(OR('A créer'!D11="Oui",LEN('A créer'!D11)=0),"",'A créer'!C11) | E11: Tab 4 | F11: =IF(OR('A créer'!D11="Oui",LEN('A créer'!D11)=0),"","Tab") | G11: =IF(OR('A créer'!D11="Oui",LEN('A créer'!D11)=0),"","Tab") | H11: =IF(OR('A créer'!D11="Oui",LEN('A créer'!D11)=0),"","ENT") | I11: =IF(OR('A créer'!D11="Oui",LEN('A créer'!D11)=0),"","Oui") | J11: =IF(OR('A créer'!D11="Oui",LEN('A créer'!D11)=0),"","Tab") | K11: =IF(OR('A créer'!D11="Oui",LEN('A créer'!D11)=0),"",'A créer'!H11) | L11: =IF(OR('A créer'!D11="Oui",LEN('A créer'!D11)=0),"",IF($K11="DCW",'A créer'!G11,"")) | M11: =IF(OR('A créer'!D11="Oui",LEN('A créer'!D11)=0),"","Tab") | N11: =IF(OR('A créer'!D11="Oui",LEN('A créer'!D11)=0),"",IF($K11="DLS",'A créer'!G11,"")) | O11: =IF(OR('A créer'!D11="Oui",LEN('A créer'!D11)=0),"","Tab") | P11: =IF(OR('A créer'!D11="Oui",LEN('A créer'!D11)=0),"",IF($K11="DMS",'A créer'!G11,"")) | Q11: =IF(OR('A créer'!D11="Oui",LEN('A créer'!D11)=0),"","Tab") | R11: =IF(OR('A créer'!D11="Oui",LEN('A créer'!D11)=0),"",IF($K11="DRW",'A créer'!G11,"")) | S11: =IF(OR('A créer'!D11="Oui",LEN('A créer'!D11)=0),"","Tab") | T11: =IF(OR('A créer'!D11="Oui",LEN('A créer'!D11)=0),"",IF($K11="DSW",'A créer'!G11,"")) | U11: =IF(OR('A créer'!D11="Oui",LEN('A créer'!D11)=0),"","Tab") | V11: =IF(OR('A créer'!D11="Oui",LEN('A créer'!D11)=0),"",IF($K11="DEW",'A créer'!G11,"")) | W11: =IF(OR('A créer'!D11="Oui",LEN('A créer'!D11)=0),"","Tab") | X11: =IF(OR('A créer'!D11="Oui",LEN('A créer'!D11)=0),"",IF($K11="DNA",'A créer'!G11,"")) | Y11: =IF(OR('A créer'!D11="Oui",LEN('A créer'!D11)=0),"","Tab") | Z11: =IF(OR('A créer'!D11="Oui",LEN('A créer'!D11)=0),"",IF($K11="DOS",'A créer'!G11,"")) | AA11: =IF(OR('A créer'!D11="Oui",LEN('A créer'!D11)=0),"","Tab") | AB11: =IF(OR('A créer'!D11="Oui",LEN('A créer'!D11)=0),"","Tab") | AC11: =IF(OR('A créer'!D11="Oui",LEN('A créer'!D11)=0),"","OUI") | AD11: =IF(OR('A créer'!D11="Oui",LEN('A créer'!D11)=0),"","Tab") | AE11: =IF(OR('A créer'!D11="Oui",LEN('A créer'!D11)=0),"","ENT") | AF11: =IF(OR('A créer'!D11="Oui",LEN('A créer'!D11)=0),"","*SAVE") | AG11: =IF(OR('A créer'!D11="Oui",LEN('A créer'!D11)=0),"","*FN") | AH11: =IF(OR('A créer'!D11="Oui",LEN('A créer'!D11)=0),"",CONCATENATE("A",RIGHT('A créer'!A11,3))) | AI11: =IF(OR('A créer'!D11="Oui",LEN('A créer'!D11)=0),"","Tab") | AJ11: =IF(OR('A créer'!D11="Oui",LEN('A créer'!D11)=0),"",CONCATENATE('A créer'!A11," Regroupement")) | AK11: =IF(OR('A créer'!D11="Oui",LEN('A créer'!D11)=0),"","Tab 4") | AL11: =IF(OR('A créer'!D11="Oui",LEN('A créer'!D11)=0),"","*SB") | AM11: =IF(OR('A créer'!D11="Oui",LEN('A créer'!D11)=0),"","Tab") | AN11: =IF(OR('A créer'!D11="Oui",LEN('A créer'!D11)=0),"",CONCATENATE("A",'A créer'!A11)) | AO11: =IF(OR('A créer'!D11="Oui",LEN('A créer'!D11)=0),"","Tab") | AP11: =IF(OR('A créer'!D11="Oui",LEN('A créer'!D11)=0),"","Tab") | AQ11: =IF(OR('A créer'!D11="Oui",LEN('A créer'!D11)=0),"","ENT") | AR11: =IF(OR('A créer'!D11="Oui",LEN('A créer'!D11)=0),"","Non") | AS11: =IF(OR('A créer'!D11="Oui",LEN('A créer'!D11)=0),"","Tab") | AT11: =IF(OR('A créer'!D11="Oui",LEN('A créer'!D11)=0),"","T") | AU11: =IF(OR('A créer'!D11="Oui",LEN('A créer'!D11)=0),"","Tab") | AV11: =IF(OR('A créer'!D11="Oui",LEN('A créer'!D11)=0),"","ENT") | AW11: =IF(OR('A créer'!D11="Oui",LEN('A créer'!D11)=0),"","*SAVE") | AX11: =IF(OR('A créer'!D11="Oui",LEN('A créer'!D11)=0),"","*UP") | AY11: =IF(OR('A créer'!D11="Oui",LEN('A créer'!D11)=0),"","*Aé") | AZ11: =IF(OR('A créer'!D11="Oui",LEN('A créer'!D11)=0),"",'A créer'!A11) | BA11: =IF(OR('A créer'!D11="Oui",LEN('A créer'!D11)=0),"","Tab") | BB11: =IF(OR('A créer'!D11="Oui",LEN('A créer'!D11)=0),"","*SAVE") | BC11: =IF(OR('A créer'!D11="Oui",LEN('A créer'!D11)=0),"","*ML(610,125)")
A12: =IF(OR('A créer'!D12="Oui",LEN('A créer'!D12)=0),"","*FN") | B12: =IF(OR('A créer'!D12="Oui",LEN('A créer'!D12)=0),"",'A créer'!A12) | C12: =IF(OR('A créer'!D12="Oui",LEN('A créer'!D12)=0),"","Tab") | D12: =IF(OR('A créer'!D12="Oui",LEN('A créer'!D12)=0),"",'A créer'!C12) | E12: Tab 4 | F12: =IF(OR('A créer'!D12="Oui",LEN('A créer'!D12)=0),"","Tab") | G12: =IF(OR('A créer'!D12="Oui",LEN('A créer'!D12)=0),"","Tab") | H12: =IF(OR('A créer'!D12="Oui",LEN('A créer'!D12)=0),"","ENT") | I12: =IF(OR('A créer'!D12="Oui",LEN('A créer'!D12)=0),"","Oui") | J12: =IF(OR('A créer'!D12="Oui",LEN('A créer'!D12)=0),"","Tab") | K12: =IF(OR('A créer'!D12="Oui",LEN('A créer'!D12)=0),"",'A créer'!H12) | L12: =IF(OR('A créer'!D12="Oui",LEN('A créer'!D12)=0),"",IF($K12="DCW",'A créer'!G12,"")) | M12: =IF(OR('A créer'!D12="Oui",LEN('A créer'!D12)=0),"","Tab") | N12: =IF(OR('A créer'!D12="Oui",LEN('A créer'!D12)=0),"",IF($K12="DLS",'A créer'!G12,"")) | O12: =IF(OR('A créer'!D12="Oui",LEN('A créer'!D12)=0),"","Tab") | P12: =IF(OR('A créer'!D12="Oui",LEN('A créer'!D12)=0),"",IF($K12="DMS",'A créer'!G12,"")) | Q12: =IF(OR('A créer'!D12="Oui",LEN('A créer'!D12)=0),"","Tab") | R12: =IF(OR('A créer'!D12="Oui",LEN('A créer'!D12)=0),"",IF($K12="DRW",'A créer'!G12,"")) | S12: =IF(OR('A créer'!D12="Oui",LEN('A créer'!D12)=0),"","Tab") | T12: =IF(OR('A créer'!D12="Oui",LEN('A créer'!D12)=0),"",IF($K12="DSW",'A créer'!G12,"")) | U12: =IF(OR('A créer'!D12="Oui",LEN('A créer'!D12)=0),"","Tab") | V12: =IF(OR('A créer'!D12="Oui",LEN('A créer'!D12)=0),"",IF($K12="DEW",'A créer'!G12,"")) | W12: =IF(OR('A créer'!D12="Oui",LEN('A créer'!D12)=0),"","Tab") | X12: =IF(OR('A créer'!D12="Oui",LEN('A créer'!D12)=0),"",IF($K12="DNA",'A créer'!G12,"")) | Y12: =IF(OR('A créer'!D12="Oui",LEN('A créer'!D12)=0),"","Tab") | Z12: =IF(OR('A créer'!D12="Oui",LEN('A créer'!D12)=0),"",IF($K12="DOS",'A créer'!G12,"")) | AA12: =IF(OR('A créer'!D12="Oui",LEN('A créer'!D12)=0),"","Tab") | AB12: =IF(OR('A créer'!D12="Oui",LEN('A créer'!D12)=0),"","Tab") | AC12: =IF(OR('A créer'!D12="Oui",LEN('A créer'!D12)=0),"","OUI") | AD12: =IF(OR('A créer'!D12="Oui",LEN('A créer'!D12)=0),"","Tab") | AE12: =IF(OR('A créer'!D12="Oui",LEN('A créer'!D12)=0),"","ENT") | AF12: =IF(OR('A créer'!D12="Oui",LEN('A créer'!D12)=0),"","*SAVE") | AG12: =IF(OR('A créer'!D12="Oui",LEN('A créer'!D12)=0),"","*FN") | AH12: =IF(OR('A créer'!D12="Oui",LEN('A créer'!D12)=0),"",CONCATENATE("A",RIGHT('A créer'!A12,3))) | AI12: =IF(OR('A créer'!D12="Oui",LEN('A créer'!D12)=0),"","Tab") | AJ12: =IF(OR('A créer'!D12="Oui",LEN('A créer'!D12)=0),"",CONCATENATE('A créer'!A12," Regroupement")) | AK12: =IF(OR('A créer'!D12="Oui",LEN('A créer'!D12)=0),"","Tab 4") | AL12: =IF(OR('A créer'!D12="Oui",LEN('A créer'!D12)=0),"","*SB") | AM12: =IF(OR('A créer'!D12="Oui",LEN('A créer'!D12)=0),"","Tab") | AN12: =IF(OR('A créer'!D12="Oui",LEN('A créer'!D12)=0),"",CONCATENATE("A",'A créer'!A12)) | AO12: =IF(OR('A créer'!D12="Oui",LEN('A créer'!D12)=0),"","Tab") | AP12: =IF(OR('A créer'!D12="Oui",LEN('A créer'!D12)=0),"","Tab") | AQ12: =IF(OR('A créer'!D12="Oui",LEN('A créer'!D12)=0),"","ENT") | AR12: =IF(OR('A créer'!D12="Oui",LEN('A créer'!D12)=0),"","Non") | AS12: =IF(OR('A créer'!D12="Oui",LEN('A créer'!D12)=0),"","Tab") | AT12: =IF(OR('A créer'!D12="Oui",LEN('A créer'!D12)=0),"","T") | AU12: =IF(OR('A créer'!D12="Oui",LEN('A créer'!D12)=0),"","Tab") | AV12: =IF(OR('A créer'!D12="Oui",LEN('A créer'!D12)=0),"","ENT") | AW12: =IF(OR('A créer'!D12="Oui",LEN('A créer'!D12)=0),"","*SAVE") | AX12: =IF(OR('A créer'!D12="Oui",LEN('A créer'!D12)=0),"","*UP") | AY12: =IF(OR('A créer'!D12="Oui",LEN('A créer'!D12)=0),"","*Aé") | AZ12: =IF(OR('A créer'!D12="Oui",LEN('A créer'!D12)=0),"",'A créer'!A12) | BA12: =IF(OR('A créer'!D12="Oui",LEN('A créer'!D12)=0),"","Tab") | BB12: =IF(OR('A créer'!D12="Oui",LEN('A créer'!D12)=0),"","*SAVE") | BC12: =IF(OR('A créer'!D12="Oui",LEN('A créer'!D12)=0),"","*ML(610,125)")
A13: =IF(OR('A créer'!D13="Oui",LEN('A créer'!D13)=0),"","*FN") | B13: =IF(OR('A créer'!D13="Oui",LEN('A créer'!D13)=0),"",'A créer'!A13) | C13: =IF(OR('A créer'!D13="Oui",LEN('A créer'!D13)=0),"","Tab") | D13: =IF(OR('A créer'!D13="Oui",LEN('A créer'!D13)=0),"",'A créer'!C13) | E13: Tab 4 | F13: =IF(OR('A créer'!D13="Oui",LEN('A créer'!D13)=0),"","Tab") | G13: =IF(OR('A créer'!D13="Oui",LEN('A créer'!D13)=0),"","Tab") | H13: =IF(OR('A créer'!D13="Oui",LEN('A créer'!D13)=0),"","ENT") | I13: =IF(OR('A créer'!D13="Oui",LEN('A créer'!D13)=0),"","Oui") | J13: =IF(OR('A créer'!D13="Oui",LEN('A créer'!D13)=0),"","Tab") | K13: =IF(OR('A créer'!D13="Oui",LEN('A créer'!D13)=0),"",'A créer'!H13) | L13: =IF(OR('A créer'!D13="Oui",LEN('A créer'!D13)=0),"",IF($K13="DCW",'A créer'!G13,"")) | M13: =IF(OR('A créer'!D13="Oui",LEN('A créer'!D13)=0),"","Tab") | N13: =IF(OR('A créer'!D13="Oui",LEN('A créer'!D13)=0),"",IF($K13="DLS",'A créer'!G13,"")) | O13: =IF(OR('A créer'!D13="Oui",LEN('A créer'!D13)=0),"","Tab") | P13: =IF(OR('A créer'!D13="Oui",LEN('A créer'!D13)=0),"",IF($K13="DMS",'A créer'!G13,"")) | Q13: =IF(OR('A créer'!D13="Oui",LEN('A créer'!D13)=0),"","Tab") | R13: =IF(OR('A créer'!D13="Oui",LEN('A créer'!D13)=0),"",IF($K13="DRW",'A créer'!G13,"")) | S13: =IF(OR('A créer'!D13="Oui",LEN('A créer'!D13)=0),"","Tab") | T13: =IF(OR('A créer'!D13="Oui",LEN('A créer'!D13)=0),"",IF($K13="DSW",'A créer'!G13,"")) | U13: =IF(OR('A créer'!D13="Oui",LEN('A créer'!D13)=0),"","Tab") | V13: =IF(OR('A créer'!D13="Oui",LEN('A créer'!D13)=0),"",IF($K13="DEW",'A créer'!G13,"")) | W13: =IF(OR('A créer'!D13="Oui",LEN('A créer'!D13)=0),"","Tab") | X13: =IF(OR('A créer'!D13="Oui",LEN('A créer'!D13)=0),"",IF($K13="DNA",'A créer'!G13,"")) | Y13: =IF(OR('A créer'!D13="Oui",LEN('A créer'!D13)=0),"","Tab") | Z13: =IF(OR('A créer'!D13="Oui",LEN('A créer'!D13)=0),"",IF($K13="DOS",'A créer'!G13,"")) | AA13: =IF(OR('A créer'!D13="Oui",LEN('A créer'!D13)=0),"","Tab") | AB13: =IF(OR('A créer'!D13="Oui",LEN('A créer'!D13)=0),"","Tab") | AC13: =IF(OR('A créer'!D13="Oui",LEN('A créer'!D13)=0),"","OUI") | AD13: =IF(OR('A créer'!D13="Oui",LEN('A créer'!D13)=0),"","Tab") | AE13: =IF(OR('A créer'!D13="Oui",LEN('A créer'!D13)=0),"","ENT") | AF13: =IF(OR('A créer'!D13="Oui",LEN('A créer'!D13)=0),"","*SAVE") | AG13: =IF(OR('A créer'!D13="Oui",LEN('A créer'!D13)=0),"","*FN") | AH13: =IF(OR('A créer'!D13="Oui",LEN('A créer'!D13)=0),"",CONCATENATE("A",RIGHT('A créer'!A13,3))) | AI13: =IF(OR('A créer'!D13="Oui",LEN('A créer'!D13)=0),"","Tab") | AJ13: =IF(OR('A créer'!D13="Oui",LEN('A créer'!D13)=0),"",CONCATENATE('A créer'!A13," Regroupement")) | AK13: =IF(OR('A créer'!D13="Oui",LEN('A créer'!D13)=0),"","Tab 4") | AL13: =IF(OR('A créer'!D13="Oui",LEN('A créer'!D13)=0),"","*SB") | AM13: =IF(OR('A créer'!D13="Oui",LEN('A créer'!D13)=0),"","Tab") | AN13: =IF(OR('A créer'!D13="Oui",LEN('A créer'!D13)=0),"",CONCATENATE("A",'A créer'!A13)) | AO13: =IF(OR('A créer'!D13="Oui",LEN('A créer'!D13)=0),"","Tab") | AP13: =IF(OR('A créer'!D13="Oui",LEN('A créer'!D13)=0),"","Tab") | AQ13: =IF(OR('A créer'!D13="Oui",LEN('A créer'!D13)=0),"","ENT") | AR13: =IF(OR('A créer'!D13="Oui",LEN('A créer'!D13)=0),"","Non") | AS13: =IF(OR('A créer'!D13="Oui",LEN('A créer'!D13)=0),"","Tab") | AT13: =IF(OR('A créer'!D13="Oui",LEN('A créer'!D13)=0),"","T") | AU13: =IF(OR('A créer'!D13="Oui",LEN('A créer'!D13)=0),"","Tab") | AV13: =IF(OR('A créer'!D13="Oui",LEN('A créer'!D13)=0),"","ENT") | AW13: =IF(OR('A créer'!D13="Oui",LEN('A créer'!D13)=0),"","*SAVE") | AX13: =IF(OR('A créer'!D13="Oui",LEN('A créer'!D13)=0),"","*UP") | AY13: =IF(OR('A créer'!D13="Oui",LEN('A créer'!D13)=0),"","*Aé") | AZ13: =IF(OR('A créer'!D13="Oui",LEN('A créer'!D13)=0),"",'A créer'!A13) | BA13: =IF(OR('A créer'!D13="Oui",LEN('A créer'!D13)=0),"","Tab") | BB13: =IF(OR('A créer'!D13="Oui",LEN('A créer'!D13)=0),"","*SAVE") | BC13: =IF(OR('A créer'!D13="Oui",LEN('A créer'!D13)=0),"","*ML(610,125)")
A14: =IF(OR('A créer'!D14="Oui",LEN('A créer'!D14)=0),"","*FN") | B14: =IF(OR('A créer'!D14="Oui",LEN('A créer'!D14)=0),"",'A créer'!A14) | C14: =IF(OR('A créer'!D14="Oui",LEN('A créer'!D14)=0),"","Tab") | D14: =IF(OR('A créer'!D14="Oui",LEN('A créer'!D14)=0),"",'A créer'!C14) | E14: =IF(OR('A créer'!D14="Oui",LEN('A créer'!D14)=0),"","Tab4") | F14: =IF(OR('A créer'!D14="Oui",LEN('A créer'!D14)=0),"","Tab") | G14: =IF(OR('A créer'!D14="Oui",LEN('A créer'!D14)=0),"","Tab") | H14: =IF(OR('A créer'!D14="Oui",LEN('A créer'!D14)=0),"","ENT") | I14: =IF(OR('A créer'!D14="Oui",LEN('A créer'!D14)=0),"","Oui") | J14: =IF(OR('A créer'!D14="Oui",LEN('A créer'!D14)=0),"","Tab") | K14: =IF(OR('A créer'!D14="Oui",LEN('A créer'!D14)=0),"",'A créer'!H14) | L14: =IF(OR('A créer'!D14="Oui",LEN('A créer'!D14)=0),"",IF($K14="DCW",'A créer'!G14,"")) | M14: =IF(OR('A créer'!D14="Oui",LEN('A créer'!D14)=0),"","Tab") | N14: =IF(OR('A créer'!D14="Oui",LEN('A créer'!D14)=0),"",IF($K14="DLS",'A créer'!G14,"")) | O14: =IF(OR('A créer'!D14="Oui",LEN('A créer'!D14)=0),"","Tab") | P14: =IF(OR('A créer'!D14="Oui",LEN('A créer'!D14)=0),"",IF($K14="DMS",'A créer'!G14,"")) | Q14: =IF(OR('A créer'!D14="Oui",LEN('A créer'!D14)=0),"","Tab") | R14: =IF(OR('A créer'!D14="Oui",LEN('A créer'!D14)=0),"",IF($K14="DRW",'A créer'!G14,"")) | S14: =IF(OR('A créer'!D14="Oui",LEN('A créer'!D14)=0),"","Tab") | T14: =IF(OR('A créer'!D14="Oui",LEN('A créer'!D14)=0),"",IF($K14="DSW",'A créer'!G14,"")) | U14: =IF(OR('A créer'!D14="Oui",LEN('A créer'!D14)=0),"","Tab") | V14: =IF(OR('A créer'!D14="Oui",LEN('A créer'!D14)=0),"",IF($K14="DEW",'A créer'!G14,"")) | W14: =IF(OR('A créer'!D14="Oui",LEN('A créer'!D14)=0),"","Tab") | X14: =IF(OR('A créer'!D14="Oui",LEN('A créer'!D14)=0),"",IF($K14="DNA",'A créer'!G14,"")) | Y14: =IF(OR('A créer'!D14="Oui",LEN('A créer'!D14)=0),"","Tab") | Z14: =IF(OR('A créer'!D14="Oui",LEN('A créer'!D14)=0),"",IF($K14="DOS",'A créer'!G14,"")) | AA14: =IF(OR('A créer'!D14="Oui",LEN('A créer'!D14)=0),"","Tab") | AB14: =IF(OR('A créer'!D14="Oui",LEN('A créer'!D14)=0),"","Tab") | AC14: =IF(OR('A créer'!D14="Oui",LEN('A créer'!D14)=0),"","OUI") | AD14: =IF(OR('A créer'!D14="Oui",LEN('A créer'!D14)=0),"","Tab") | AE14: =IF(OR('A créer'!D14="Oui",LEN('A créer'!D14)=0),"","ENT") | AF14: =IF(OR('A créer'!D14="Oui",LEN('A créer'!D14)=0),"","*SAVE") | AG14: =IF(OR('A créer'!D14="Oui",LEN('A créer'!D14)=0),"","*FN") | AH14: =IF(OR('A créer'!D14="Oui",LEN('A créer'!D14)=0),"",CONCATENATE("A",RIGHT('A créer'!A14,3))) | AI14: =IF(OR('A créer'!D14="Oui",LEN('A créer'!D14)=0),"","Tab") | AJ14: =IF(OR('A créer'!D14="Oui",LEN('A créer'!D14)=0),"",CONCATENATE('A créer'!A14," Regroupement")) | AK14: =IF(OR('A créer'!D14="Oui",LEN('A créer'!D14)=0),"","Tab4") | AL14: =IF(OR('A créer'!D14="Oui",LEN('A créer'!D14)=0),"","*SB") | AM14: =IF(OR('A créer'!D14="Oui",LEN('A créer'!D14)=0),"","Tab") | AN14: =IF(OR('A créer'!D14="Oui",LEN('A créer'!D14)=0),"",CONCATENATE("A",'A créer'!A14)) | AO14: =IF(OR('A créer'!D14="Oui",LEN('A créer'!D14)=0),"","Tab") | AP14: =IF(OR('A créer'!D14="Oui",LEN('A créer'!D14)=0),"","Tab") | AQ14: =IF(OR('A créer'!D14="Oui",LEN('A créer'!D14)=0),"","ENT") | AR14: =IF(OR('A créer'!D14="Oui",LEN('A créer'!D14)=0),"","Non") | AS14: =IF(OR('A créer'!D14="Oui",LEN('A créer'!D14)=0),"","Tab") | AT14: =IF(OR('A créer'!D14="Oui",LEN('A créer'!D14)=0),"","T") | AU14: =IF(OR('A créer'!D14="Oui",LEN('A créer'!D14)=0),"","Tab") | AV14: =IF(OR('A créer'!D14="Oui",LEN('A créer'!D14)=0),"","ENT") | AW14: =IF(OR('A créer'!D14="Oui",LEN('A créer'!D14)=0),"","*SAVE") | AX14: =IF(OR('A créer'!D14="Oui",LEN('A créer'!D14)=0),"","*UP") | AY14: =IF(OR('A créer'!D14="Oui",LEN('A créer'!D14)=0),"","*Aé") | AZ14: =IF(OR('A créer'!D14="Oui",LEN('A créer'!D14)=0),"",'A créer'!A14) | BA14: =IF(OR('A créer'!D14="Oui",LEN('A créer'!D14)=0),"","Tab") | BB14: =IF(OR('A créer'!D14="Oui",LEN('A créer'!D14)=0),"","*SAVE") | BC14: =IF(OR('A créer'!D14="Oui",LEN('A créer'!D14)=0),"","*ML(751,97)")
A15: =IF(OR('A créer'!D15="Oui",LEN('A créer'!D15)=0),"","*FN") | B15: =IF(OR('A créer'!D15="Oui",LEN('A créer'!D15)=0),"",'A créer'!A15) | C15: =IF(OR('A créer'!D15="Oui",LEN('A créer'!D15)=0),"","Tab") | D15: =IF(OR('A créer'!D15="Oui",LEN('A créer'!D15)=0),"",'A créer'!C15) | E15: =IF(OR('A créer'!D15="Oui",LEN('A créer'!D15)=0),"","Tab4") | F15: =IF(OR('A créer'!D15="Oui",LEN('A créer'!D15)=0),"","Tab") | G15: =IF(OR('A créer'!D15="Oui",LEN('A créer'!D15)=0),"","Tab") | H15: =IF(OR('A créer'!D15="Oui",LEN('A créer'!D15)=0),"","ENT") | I15: =IF(OR('A créer'!D15="Oui",LEN('A créer'!D15)=0),"","Oui") | J15: =IF(OR('A créer'!D15="Oui",LEN('A créer'!D15)=0),"","Tab") | K15: =IF(OR('A créer'!D15="Oui",LEN('A créer'!D15)=0),"",'A créer'!H15) | L15: =IF(OR('A créer'!D15="Oui",LEN('A créer'!D15)=0),"",IF($K15="DCW",'A créer'!G15,"")) | M15: =IF(OR('A créer'!D15="Oui",LEN('A créer'!D15)=0),"","Tab") | N15: =IF(OR('A créer'!D15="Oui",LEN('A créer'!D15)=0),"",IF($K15="DLS",'A créer'!G15,"")) | O15: =IF(OR('A créer'!D15="Oui",LEN('A créer'!D15)=0),"","Tab") | P15: =IF(OR('A créer'!D15="Oui",LEN('A créer'!D15)=0),"",IF($K15="DMS",'A créer'!G15,"")) | Q15: =IF(OR('A créer'!D15="Oui",LEN('A créer'!D15)=0),"","Tab") | R15: =IF(OR('A créer'!D15="Oui",LEN('A créer'!D15)=0),"",IF($K15="DRW",'A créer'!G15,"")) | S15: =IF(OR('A créer'!D15="Oui",LEN('A créer'!D15)=0),"","Tab") | T15: =IF(OR('A créer'!D15="Oui",LEN('A créer'!D15)=0),"",IF($K15="DSW",'A créer'!G15,"")) | U15: =IF(OR('A créer'!D15="Oui",LEN('A créer'!D15)=0),"","Tab") | V15: =IF(OR('A créer'!D15="Oui",LEN('A créer'!D15)=0),"",IF($K15="DEW",'A créer'!G15,"")) | W15: =IF(OR('A créer'!D15="Oui",LEN('A créer'!D15)=0),"","Tab") | X15: =IF(OR('A créer'!D15="Oui",LEN('A créer'!D15)=0),"",IF($K15="DNA",'A créer'!G15,"")) | Y15: =IF(OR('A créer'!D15="Oui",LEN('A créer'!D15)=0),"","Tab") | Z15: =IF(OR('A créer'!D15="Oui",LEN('A créer'!D15)=0),"",IF($K15="DOS",'A créer'!G15,"")) | AA15: =IF(OR('A créer'!D15="Oui",LEN('A créer'!D15)=0),"","Tab") | AB15: =IF(OR('A créer'!D15="Oui",LEN('A créer'!D15)=0),"","Tab") | AC15: =IF(OR('A créer'!D15="Oui",LEN('A créer'!D15)=0),"","OUI") | AD15: =IF(OR('A créer'!D15="Oui",LEN('A créer'!D15)=0),"","Tab") | AE15: =IF(OR('A créer'!D15="Oui",LEN('A créer'!D15)=0),"","ENT") | AF15: =IF(OR('A créer'!D15="Oui",LEN('A créer'!D15)=0),"","*SAVE") | AG15: =IF(OR('A créer'!D15="Oui",LEN('A créer'!D15)=0),"","*FN") | AH15: =IF(OR('A créer'!D15="Oui",LEN('A créer'!D15)=0),"",CONCATENATE("A",RIGHT('A créer'!A15,3))) | AI15: =IF(OR('A créer'!D15="Oui",LEN('A créer'!D15)=0),"","Tab") | AJ15: =IF(OR('A créer'!D15="Oui",LEN('A créer'!D15)=0),"",CONCATENATE('A créer'!A15," Regroupement")) | AK15: =IF(OR('A créer'!D15="Oui",LEN('A créer'!D15)=0),"","Tab4") | AL15: =IF(OR('A créer'!D15="Oui",LEN('A créer'!D15)=0),"","*SB") | AM15: =IF(OR('A créer'!D15="Oui",LEN('A créer'!D15)=0),"","Tab") | AN15: =IF(OR('A créer'!D15="Oui",LEN('A créer'!D15)=0),"",CONCATENATE("A",'A créer'!A15)) | AO15: =IF(OR('A créer'!D15="Oui",LEN('A créer'!D15)=0),"","Tab") | AP15: =IF(OR('A créer'!D15="Oui",LEN('A créer'!D15)=0),"","Tab") | AQ15: =IF(OR('A créer'!D15="Oui",LEN('A créer'!D15)=0),"","ENT") | AR15: =IF(OR('A créer'!D15="Oui",LEN('A créer'!D15)=0),"","Non") | AS15: =IF(OR('A créer'!D15="Oui",LEN('A créer'!D15)=0),"","Tab") | AT15: =IF(OR('A créer'!D15="Oui",LEN('A créer'!D15)=0),"","T") | AU15: =IF(OR('A créer'!D15="Oui",LEN('A créer'!D15)=0),"","Tab") | AV15: =IF(OR('A créer'!D15="Oui",LEN('A créer'!D15)=0),"","ENT") | AW15: =IF(OR('A créer'!D15="Oui",LEN('A créer'!D15)=0),"","*SAVE") | AX15: =IF(OR('A créer'!D15="Oui",LEN('A créer'!D15)=0),"","*UP") | AY15: =IF(OR('A créer'!D15="Oui",LEN('A créer'!D15)=0),"","*Aé") | AZ15: =IF(OR('A créer'!D15="Oui",LEN('A créer'!D15)=0),"",'A créer'!A15) | BA15: =IF(OR('A créer'!D15="Oui",LEN('A créer'!D15)=0),"","Tab") | BB15: =IF(OR('A créer'!D15="Oui",LEN('A créer'!D15)=0),"","*SAVE") | BC15: =IF(OR('A créer'!D15="Oui",LEN('A créer'!D15)=0),"","*ML(751,97)")
A16: =IF(OR('A créer'!D16="Oui",LEN('A créer'!D16)=0),"","*FN") | B16: =IF(OR('A créer'!D16="Oui",LEN('A créer'!D16)=0),"",'A créer'!A16) | C16: =IF(OR('A créer'!D16="Oui",LEN('A créer'!D16)=0),"","Tab") | D16: =IF(OR('A créer'!D16="Oui",LEN('A créer'!D16)=0),"",'A créer'!C16) | E16: =IF(OR('A créer'!D16="Oui",LEN('A créer'!D16)=0),"","Tab4") | F16: =IF(OR('A créer'!D16="Oui",LEN('A créer'!D16)=0),"","Tab") | G16: =IF(OR('A créer'!D16="Oui",LEN('A créer'!D16)=0),"","Tab") | H16: =IF(OR('A créer'!D16="Oui",LEN('A créer'!D16)=0),"","ENT") | I16: =IF(OR('A créer'!D16="Oui",LEN('A créer'!D16)=0),"","Oui") | J16: =IF(OR('A créer'!D16="Oui",LEN('A créer'!D16)=0),"","Tab") | K16: =IF(OR('A créer'!D16="Oui",LEN('A créer'!D16)=0),"",'A créer'!H16) | L16: =IF(OR('A créer'!D16="Oui",LEN('A créer'!D16)=0),"",IF($K16="DCW",'A créer'!G16,"")) | M16: =IF(OR('A créer'!D16="Oui",LEN('A créer'!D16)=0),"","Tab") | N16: =IF(OR('A créer'!D16="Oui",LEN('A créer'!D16)=0),"",IF($K16="DLS",'A créer'!G16,"")) | O16: =IF(OR('A créer'!D16="Oui",LEN('A créer'!D16)=0),"","Tab") | P16: =IF(OR('A créer'!D16="Oui",LEN('A créer'!D16)=0),"",IF($K16="DMS",'A créer'!G16,"")) | Q16: =IF(OR('A créer'!D16="Oui",LEN('A créer'!D16)=0),"","Tab") | R16: =IF(OR('A créer'!D16="Oui",LEN('A créer'!D16)=0),"",IF($K16="DRW",'A créer'!G16,"")) | S16: =IF(OR('A créer'!D16="Oui",LEN('A créer'!D16)=0),"","Tab") | T16: =IF(OR('A créer'!D16="Oui",LEN('A créer'!D16)=0),"",IF($K16="DSW",'A créer'!G16,"")) | U16: =IF(OR('A créer'!D16="Oui",LEN('A créer'!D16)=0),"","Tab") | V16: =IF(OR('A créer'!D16="Oui",LEN('A créer'!D16)=0),"",IF($K16="DEW",'A créer'!G16,"")) | W16: =IF(OR('A créer'!D16="Oui",LEN('A créer'!D16)=0),"","Tab") | X16: =IF(OR('A créer'!D16="Oui",LEN('A créer'!D16)=0),"",IF($K16="DNA",'A créer'!G16,"")) | Y16: =IF(OR('A créer'!D16="Oui",LEN('A créer'!D16)=0),"","Tab") | Z16: =IF(OR('A créer'!D16="Oui",LEN('A créer'!D16)=0),"",IF($K16="DOS",'A créer'!G16,"")) | AA16: =IF(OR('A créer'!D16="Oui",LEN('A créer'!D16)=0),"","Tab") | AB16: =IF(OR('A créer'!D16="Oui",LEN('A créer'!D16)=0),"","Tab") | AC16: =IF(OR('A créer'!D16="Oui",LEN('A créer'!D16)=0),"","OUI") | AD16: =IF(OR('A créer'!D16="Oui",LEN('A créer'!D16)=0),"","Tab") | AE16: =IF(OR('A créer'!D16="Oui",LEN('A créer'!D16)=0),"","ENT") | AF16: =IF(OR('A créer'!D16="Oui",LEN('A créer'!D16)=0),"","*SAVE") | AG16: =IF(OR('A créer'!D16="Oui",LEN('A créer'!D16)=0),"","*FN") | AH16: =IF(OR('A créer'!D16="Oui",LEN('A créer'!D16)=0),"",CONCATENATE("A",RIGHT('A créer'!A16,3))) | AI16: =IF(OR('A créer'!D16="Oui",LEN('A créer'!D16)=0),"","Tab") | AJ16: =IF(OR('A créer'!D16="Oui",LEN('A créer'!D16)=0),"",CONCATENATE('A créer'!A16," Regroupement")) | AK16: =IF(OR('A créer'!D16="Oui",LEN('A créer'!D16)=0),"","Tab4") | AL16: =IF(OR('A créer'!D16="Oui",LEN('A créer'!D16)=0),"","*SB") | AM16: =IF(OR('A créer'!D16="Oui",LEN('A créer'!D16)=0),"","Tab") | AN16: =IF(OR('A créer'!D16="Oui",LEN('A créer'!D16)=0),"",CONCATENATE("A",'A créer'!A16)) | AO16: =IF(OR('A créer'!D16="Oui",LEN('A créer'!D16)=0),"","Tab") | AP16: =IF(OR('A créer'!D16="Oui",LEN('A créer'!D16)=0),"","Tab") | AQ16: =IF(OR('A créer'!D16="Oui",LEN('A créer'!D16)=0),"","ENT") | AR16: =IF(OR('A créer'!D16="Oui",LEN('A créer'!D16)=0),"","Non") | AS16: =IF(OR('A créer'!D16="Oui",LEN('A créer'!D16)=0),"","Tab") | AT16: =IF(OR('A créer'!D16="Oui",LEN('A créer'!D16)=0),"","T") | AU16: =IF(OR('A créer'!D16="Oui",LEN('A créer'!D16)=0),"","Tab") | AV16: =IF(OR('A créer'!D16="Oui",LEN('A créer'!D16)=0),"","ENT") | AW16: =IF(OR('A créer'!D16="Oui",LEN('A créer'!D16)=0),"","*SAVE") | AX16: =IF(OR('A créer'!D16="Oui",LEN('A créer'!D16)=0),"","*UP") | AY16: =IF(OR('A créer'!D16="Oui",LEN('A créer'!D16)=0),"","*Aé") | AZ16: =IF(OR('A créer'!D16="Oui",LEN('A créer'!D16)=0),"",'A créer'!A16) | BA16: =IF(OR('A créer'!D16="Oui",LEN('A créer'!D16)=0),"","Tab") | BB16: =IF(OR('A créer'!D16="Oui",LEN('A créer'!D16)=0),"","*SAVE") | BC16: =IF(OR('A créer'!D16="Oui",LEN('A créer'!D16)=0),"","*ML(751,97)")
A17: =IF(OR('A créer'!D17="Oui",LEN('A créer'!D17)=0),"","*FN") | B17: =IF(OR('A créer'!D17="Oui",LEN('A créer'!D17)=0),"",'A créer'!A17) | C17: =IF(OR('A créer'!D17="Oui",LEN('A créer'!D17)=0),"","Tab") | D17: =IF(OR('A créer'!D17="Oui",LEN('A créer'!D17)=0),"",'A créer'!C17) | E17: =IF(OR('A créer'!D17="Oui",LEN('A créer'!D17)=0),"","Tab4") | F17: =IF(OR('A créer'!D17="Oui",LEN('A créer'!D17)=0),"","Tab") | G17: =IF(OR('A créer'!D17="Oui",LEN('A créer'!D17)=0),"","Tab") | H17: =IF(OR('A créer'!D17="Oui",LEN('A créer'!D17)=0),"","ENT") | I17: =IF(OR('A créer'!D17="Oui",LEN('A créer'!D17)=0),"","Oui") | J17: =IF(OR('A créer'!D17="Oui",LEN('A créer'!D17)=0),"","Tab") | K17: =IF(OR('A créer'!D17="Oui",LEN('A créer'!D17)=0),"",'A créer'!H17) | L17: =IF(OR('A créer'!D17="Oui",LEN('A créer'!D17)=0),"",IF($K17="DCW",'A créer'!G17,"")) | M17: =IF(OR('A créer'!D17="Oui",LEN('A créer'!D17)=0),"","Tab") | N17: =IF(OR('A créer'!D17="Oui",LEN('A créer'!D17)=0),"",IF($K17="DLS",'A créer'!G17,"")) | O17: =IF(OR('A créer'!D17="Oui",LEN('A créer'!D17)=0),"","Tab") | P17: =IF(OR('A créer'!D17="Oui",LEN('A créer'!D17)=0),"",IF($K17="DMS",'A créer'!G17,"")) | Q17: =IF(OR('A créer'!D17="Oui",LEN('A créer'!D17)=0),"","Tab") | R17: =IF(OR('A créer'!D17="Oui",LEN('A créer'!D17)=0),"",IF($K17="DRW",'A créer'!G17,"")) | S17: =IF(OR('A créer'!D17="Oui",LEN('A créer'!D17)=0),"","Tab") | T17: =IF(OR('A créer'!D17="Oui",LEN('A créer'!D17)=0),"",IF($K17="DSW",'A créer'!G17,"")) | U17: =IF(OR('A créer'!D17="Oui",LEN('A créer'!D17)=0),"","Tab") | V17: =IF(OR('A créer'!D17="Oui",LEN('A créer'!D17)=0),"",IF($K17="DEW",'A créer'!G17,"")) | W17: =IF(OR('A créer'!D17="Oui",LEN('A créer'!D17)=0),"","Tab") | X17: =IF(OR('A créer'!D17="Oui",LEN('A créer'!D17)=0),"",IF($K17="DNA",'A créer'!G17,"")) | Y17: =IF(OR('A créer'!D17="Oui",LEN('A créer'!D17)=0),"","Tab") | Z17: =IF(OR('A créer'!D17="Oui",LEN('A créer'!D17)=0),"",IF($K17="DOS",'A créer'!G17,"")) | AA17: =IF(OR('A créer'!D17="Oui",LEN('A créer'!D17)=0),"","Tab") | AB17: =IF(OR('A créer'!D17="Oui",LEN('A créer'!D17)=0),"","Tab") | AC17: =IF(OR('A créer'!D17="Oui",LEN('A créer'!D17)=0),"","OUI") | AD17: =IF(OR('A créer'!D17="Oui",LEN('A créer'!D17)=0),"","Tab") | AE17: =IF(OR('A créer'!D17="Oui",LEN('A créer'!D17)=0),"","ENT") | AF17: =IF(OR('A créer'!D17="Oui",LEN('A créer'!D17)=0),"","*SAVE") | AG17: =IF(OR('A créer'!D17="Oui",LEN('A créer'!D17)=0),"","*FN") | AH17: =IF(OR('A créer'!D17="Oui",LEN('A créer'!D17)=0),"",CONCATENATE("A",RIGHT('A créer'!A17,3))) | AI17: =IF(OR('A créer'!D17="Oui",LEN('A créer'!D17)=0),"","Tab") | AJ17: =IF(OR('A créer'!D17="Oui",LEN('A créer'!D17)=0),"",CONCATENATE('A créer'!A17," Regroupement")) | AK17: =IF(OR('A créer'!D17="Oui",LEN('A créer'!D17)=0),"","Tab4") | AL17: =IF(OR('A créer'!D17="Oui",LEN('A créer'!D17)=0),"","*SB") | AM17: =IF(OR('A créer'!D17="Oui",LEN('A créer'!D17)=0),"","Tab") | AN17: =IF(OR('A créer'!D17="Oui",LEN('A créer'!D17)=0),"",CONCATENATE("A",'A créer'!A17)) | AO17: =IF(OR('A créer'!D17="Oui",LEN('A créer'!D17)=0),"","Tab") | AP17: =IF(OR('A créer'!D17="Oui",LEN('A créer'!D17)=0),"","Tab") | AQ17: =IF(OR('A créer'!D17="Oui",LEN('A créer'!D17)=0),"","ENT") | AR17: =IF(OR('A créer'!D17="Oui",LEN('A créer'!D17)=0),"","Non") | AS17: =IF(OR('A créer'!D17="Oui",LEN('A créer'!D17)=0),"","Tab") | AT17: =IF(OR('A créer'!D17="Oui",LEN('A créer'!D17)=0),"","T") | AU17: =IF(OR('A créer'!D17="Oui",LEN('A créer'!D17)=0),"","Tab") | AV17: =IF(OR('A créer'!D17="Oui",LEN('A créer'!D17)=0),"","ENT") | AW17: =IF(OR('A créer'!D17="Oui",LEN('A créer'!D17)=0),"","*SAVE") | AX17: =IF(OR('A créer'!D17="Oui",LEN('A créer'!D17)=0),"","*UP") | AY17: =IF(OR('A créer'!D17="Oui",LEN('A créer'!D17)=0),"","*Aé") | AZ17: =IF(OR('A créer'!D17="Oui",LEN('A créer'!D17)=0),"",'A créer'!A17) | BA17: =IF(OR('A créer'!D17="Oui",LEN('A créer'!D17)=0),"","Tab") | BB17: =IF(OR('A créer'!D17="Oui",LEN('A créer'!D17)=0),"","*SAVE") | BC17: =IF(OR('A créer'!D17="Oui",LEN('A créer'!D17)=0),"","*ML(751,97)")
A18: =IF(OR('A créer'!D18="Oui",LEN('A créer'!D18)=0),"","*FN") | B18: =IF(OR('A créer'!D18="Oui",LEN('A créer'!D18)=0),"",'A créer'!A18) | C18: =IF(OR('A créer'!D18="Oui",LEN('A créer'!D18)=0),"","Tab") | D18: =IF(OR('A créer'!D18="Oui",LEN('A créer'!D18)=0),"",'A créer'!C18) | E18: =IF(OR('A créer'!D18="Oui",LEN('A créer'!D18)=0),"","Tab4") | F18: =IF(OR('A créer'!D18="Oui",LEN('A créer'!D18)=0),"","Tab") | G18: =IF(OR('A créer'!D18="Oui",LEN('A créer'!D18)=0),"","Tab") | H18: =IF(OR('A créer'!D18="Oui",LEN('A créer'!D18)=0),"","ENT") | I18: =IF(OR('A créer'!D18="Oui",LEN('A créer'!D18)=0),"","Oui") | J18: =IF(OR('A créer'!D18="Oui",LEN('A créer'!D18)=0),"","Tab") | K18: =IF(OR('A créer'!D18="Oui",LEN('A créer'!D18)=0),"",'A créer'!H18) | L18: =IF(OR('A créer'!D18="Oui",LEN('A créer'!D18)=0),"",IF($K18="DCW",'A créer'!G18,"")) | M18: =IF(OR('A créer'!D18="Oui",LEN('A créer'!D18)=0),"","Tab") | N18: =IF(OR('A créer'!D18="Oui",LEN('A créer'!D18)=0),"",IF($K18="DLS",'A créer'!G18,"")) | O18: =IF(OR('A créer'!D18="Oui",LEN('A créer'!D18)=0),"","Tab") | P18: =IF(OR('A créer'!D18="Oui",LEN('A créer'!D18)=0),"",IF($K18="DMS",'A créer'!G18,"")) | Q18: =IF(OR('A créer'!D18="Oui",LEN('A créer'!D18)=0),"","Tab") | R18: =IF(OR('A créer'!D18="Oui",LEN('A créer'!D18)=0),"",IF($K18="DRW",'A créer'!G18,"")) | S18: =IF(OR('A créer'!D18="Oui",LEN('A créer'!D18)=0),"","Tab") | T18: =IF(OR('A créer'!D18="Oui",LEN('A créer'!D18)=0),"",IF($K18="DSW",'A créer'!G18,"")) | U18: =IF(OR('A créer'!D18="Oui",LEN('A créer'!D18)=0),"","Tab") | V18: =IF(OR('A créer'!D18="Oui",LEN('A créer'!D18)=0),"",IF($K18="DEW",'A créer'!G18,"")) | W18: =IF(OR('A créer'!D18="Oui",LEN('A créer'!D18)=0),"","Tab") | X18: =IF(OR('A créer'!D18="Oui",LEN('A créer'!D18)=0),"",IF($K18="DNA",'A créer'!G18,"")) | Y18: =IF(OR('A créer'!D18="Oui",LEN('A créer'!D18)=0),"","Tab") | Z18: =IF(OR('A créer'!D18="Oui",LEN('A créer'!D18)=0),"",IF($K18="DOS",'A créer'!G18,"")) | AA18: =IF(OR('A créer'!D18="Oui",LEN('A créer'!D18)=0),"","Tab") | AB18: =IF(OR('A créer'!D18="Oui",LEN('A créer'!D18)=0),"","Tab") | AC18: =IF(OR('A créer'!D18="Oui",LEN('A créer'!D18)=0),"","OUI") | AD18: =IF(OR('A créer'!D18="Oui",LEN('A créer'!D18)=0),"","Tab") | AE18: =IF(OR('A créer'!D18="Oui",LEN('A créer'!D18)=0),"","ENT") | AF18: =IF(OR('A créer'!D18="Oui",LEN('A créer'!D18)=0),"","*SAVE") | AG18: =IF(OR('A créer'!D18="Oui",LEN('A créer'!D18)=0),"","*FN") | AH18: =IF(OR('A créer'!D18="Oui",LEN('A créer'!D18)=0),"",CONCATENATE("A",RIGHT('A créer'!A18,3))) | AI18: =IF(OR('A créer'!D18="Oui",LEN('A créer'!D18)=0),"","Tab") | AJ18: =IF(OR('A créer'!D18="Oui",LEN('A créer'!D18)=0),"",CONCATENATE('A créer'!A18," Regroupement")) | AK18: =IF(OR('A créer'!D18="Oui",LEN('A créer'!D18)=0),"","Tab4") | AL18: =IF(OR('A créer'!D18="Oui",LEN('A créer'!D18)=0),"","*SB") | AM18: =IF(OR('A créer'!D18="Oui",LEN('A créer'!D18)=0),"","Tab") | AN18: =IF(OR('A créer'!D18="Oui",LEN('A créer'!D18)=0),"",CONCATENATE("A",'A créer'!A18)) | AO18: =IF(OR('A créer'!D18="Oui",LEN('A créer'!D18)=0),"","Tab") | AP18: =IF(OR('A créer'!D18="Oui",LEN('A créer'!D18)=0),"","Tab") | AQ18: =IF(OR('A créer'!D18="Oui",LEN('A créer'!D18)=0),"","ENT") | AR18: =IF(OR('A créer'!D18="Oui",LEN('A créer'!D18)=0),"","Non") | AS18: =IF(OR('A créer'!D18="Oui",LEN('A créer'!D18)=0),"","Tab") | AT18: =IF(OR('A créer'!D18="Oui",LEN('A créer'!D18)=0),"","T") | AU18: =IF(OR('A créer'!D18="Oui",LEN('A créer'!D18)=0),"","Tab") | AV18: =IF(OR('A créer'!D18="Oui",LEN('A créer'!D18)=0),"","ENT") | AW18: =IF(OR('A créer'!D18="Oui",LEN('A créer'!D18)=0),"","*SAVE") | AX18: =IF(OR('A créer'!D18="Oui",LEN('A créer'!D18)=0),"","*UP") | AY18: =IF(OR('A créer'!D18="Oui",LEN('A créer'!D18)=0),"","*Aé") | AZ18: =IF(OR('A créer'!D18="Oui",LEN('A créer'!D18)=0),"",'A créer'!A18) | BA18: =IF(OR('A créer'!D18="Oui",LEN('A créer'!D18)=0),"","Tab") | BB18: =IF(OR('A créer'!D18="Oui",LEN('A créer'!D18)=0),"","*SAVE") | BC18: =IF(OR('A créer'!D18="Oui",LEN('A créer'!D18)=0),"","*ML(751,97)")
A19: =IF(OR('A créer'!D19="Oui",LEN('A créer'!D19)=0),"","*FN") | B19: =IF(OR('A créer'!D19="Oui",LEN('A créer'!D19)=0),"",'A créer'!A19) | C19: =IF(OR('A créer'!D19="Oui",LEN('A créer'!D19)=0),"","Tab") | D19: =IF(OR('A créer'!D19="Oui",LEN('A créer'!D19)=0),"",'A créer'!C19) | E19: =IF(OR('A créer'!D19="Oui",LEN('A créer'!D19)=0),"","Tab4") | F19: =IF(OR('A créer'!D19="Oui",LEN('A créer'!D19)=0),"","Tab") | G19: =IF(OR('A créer'!D19="Oui",LEN('A créer'!D19)=0),"","Tab") | H19: =IF(OR('A créer'!D19="Oui",LEN('A créer'!D19)=0),"","ENT") | I19: =IF(OR('A créer'!D19="Oui",LEN('A créer'!D19)=0),"","Oui") | J19: =IF(OR('A créer'!D19="Oui",LEN('A créer'!D19)=0),"","Tab") | K19: =IF(OR('A créer'!D19="Oui",LEN('A créer'!D19)=0),"",'A créer'!H19) | L19: =IF(OR('A créer'!D19="Oui",LEN('A créer'!D19)=0),"",IF($K19="DCW",'A créer'!G19,"")) | M19: =IF(OR('A créer'!D19="Oui",LEN('A créer'!D19)=0),"","Tab") | N19: =IF(OR('A créer'!D19="Oui",LEN('A créer'!D19)=0),"",IF($K19="DLS",'A créer'!G19,"")) | O19: =IF(OR('A créer'!D19="Oui",LEN('A créer'!D19)=0),"","Tab") | P19: =IF(OR('A créer'!D19="Oui",LEN('A créer'!D19)=0),"",IF($K19="DMS",'A créer'!G19,"")) | Q19: =IF(OR('A créer'!D19="Oui",LEN('A créer'!D19)=0),"","Tab") | R19: =IF(OR('A créer'!D19="Oui",LEN('A créer'!D19)=0),"",IF($K19="DRW",'A créer'!G19,"")) | S19: =IF(OR('A créer'!D19="Oui",LEN('A créer'!D19)=0),"","Tab") | T19: =IF(OR('A créer'!D19="Oui",LEN('A créer'!D19)=0),"",IF($K19="DSW",'A créer'!G19,"")) | U19: =IF(OR('A créer'!D19="Oui",LEN('A créer'!D19)=0),"","Tab") | V19: =IF(OR('A créer'!D19="Oui",LEN('A créer'!D19)=0),"",IF($K19="DEW",'A créer'!G19,"")) | W19: =IF(OR('A créer'!D19="Oui",LEN('A créer'!D19)=0),"","Tab") | X19: =IF(OR('A créer'!D19="Oui",LEN('A créer'!D19)=0),"",IF($K19="DNA",'A créer'!G19,"")) | Y19: =IF(OR('A créer'!D19="Oui",LEN('A créer'!D19)=0),"","Tab") | Z19: =IF(OR('A créer'!D19="Oui",LEN('A créer'!D19)=0),"",IF($K19="DOS",'A créer'!G19,"")) | AA19: =IF(OR('A créer'!D19="Oui",LEN('A créer'!D19)=0),"","Tab") | AB19: =IF(OR('A créer'!D19="Oui",LEN('A créer'!D19)=0),"","Tab") | AC19: =IF(OR('A créer'!D19="Oui",LEN('A créer'!D19)=0),"","OUI") | AD19: =IF(OR('A créer'!D19="Oui",LEN('A créer'!D19)=0),"","Tab") | AE19: =IF(OR('A créer'!D19="Oui",LEN('A créer'!D19)=0),"","ENT") | AF19: =IF(OR('A créer'!D19="Oui",LEN('A créer'!D19)=0),"","*SAVE") | AG19: =IF(OR('A créer'!D19="Oui",LEN('A créer'!D19)=0),"","*FN") | AH19: =IF(OR('A créer'!D19="Oui",LEN('A créer'!D19)=0),"",CONCATENATE("A",RIGHT('A créer'!A19,3))) | AI19: =IF(OR('A créer'!D19="Oui",LEN('A créer'!D19)=0),"","Tab") | AJ19: =IF(OR('A créer'!D19="Oui",LEN('A créer'!D19)=0),"",CONCATENATE('A créer'!A19," Regroupement")) | AK19: =IF(OR('A créer'!D19="Oui",LEN('A créer'!D19)=0),"","Tab4") | AL19: =IF(OR('A créer'!D19="Oui",LEN('A créer'!D19)=0),"","*SB") | AM19: =IF(OR('A créer'!D19="Oui",LEN('A créer'!D19)=0),"","Tab") | AN19: =IF(OR('A créer'!D19="Oui",LEN('A créer'!D19)=0),"",CONCATENATE("A",'A créer'!A19)) | AO19: =IF(OR('A créer'!D19="Oui",LEN('A créer'!D19)=0),"","Tab") | AP19: =IF(OR('A créer'!D19="Oui",LEN('A créer'!D19)=0),"","Tab") | AQ19: =IF(OR('A créer'!D19="Oui",LEN('A créer'!D19)=0),"","ENT") | AR19: =IF(OR('A créer'!D19="Oui",LEN('A créer'!D19)=0),"","Non") | AS19: =IF(OR('A créer'!D19="Oui",LEN('A créer'!D19)=0),"","Tab") | AT19: =IF(OR('A créer'!D19="Oui",LEN('A créer'!D19)=0),"","T") | AU19: =IF(OR('A créer'!D19="Oui",LEN('A créer'!D19)=0),"","Tab") | AV19: =IF(OR('A créer'!D19="Oui",LEN('A créer'!D19)=0),"","ENT") | AW19: =IF(OR('A créer'!D19="Oui",LEN('A créer'!D19)=0),"","*SAVE") | AX19: =IF(OR('A créer'!D19="Oui",LEN('A créer'!D19)=0),"","*UP") | AY19: =IF(OR('A créer'!D19="Oui",LEN('A créer'!D19)=0),"","*Aé") | AZ19: =IF(OR('A créer'!D19="Oui",LEN('A créer'!D19)=0),"",'A créer'!A19) | BA19: =IF(OR('A créer'!D19="Oui",LEN('A créer'!D19)=0),"","Tab") | BB19: =IF(OR('A créer'!D19="Oui",LEN('A créer'!D19)=0),"","*SAVE") | BC19: =IF(OR('A créer'!D19="Oui",LEN('A créer'!D19)=0),"","*ML(751,97)")
A20: =IF(OR('A créer'!D20="Oui",LEN('A créer'!D20)=0),"","*FN") | B20: =IF(OR('A créer'!D20="Oui",LEN('A créer'!D20)=0),"",'A créer'!A20) | C20: =IF(OR('A créer'!D20="Oui",LEN('A créer'!D20)=0),"","Tab") | D20: =IF(OR('A créer'!D20="Oui",LEN('A créer'!D20)=0),"",'A créer'!C20) | E20: =IF(OR('A créer'!D20="Oui",LEN('A créer'!D20)=0),"","Tab4") | F20: =IF(OR('A créer'!D20="Oui",LEN('A créer'!D20)=0),"","Tab") | G20: =IF(OR('A créer'!D20="Oui",LEN('A créer'!D20)=0),"","Tab") | H20: =IF(OR('A créer'!D20="Oui",LEN('A créer'!D20)=0),"","ENT") | I20: =IF(OR('A créer'!D20="Oui",LEN('A créer'!D20)=0),"","Oui") | J20: =IF(OR('A créer'!D20="Oui",LEN('A créer'!D20)=0),"","Tab") | K20: =IF(OR('A créer'!D20="Oui",LEN('A créer'!D20)=0),"",'A créer'!H20) | L20: =IF(OR('A créer'!D20="Oui",LEN('A créer'!D20)=0),"",IF($K20="DCW",'A créer'!G20,"")) | M20: =IF(OR('A créer'!D20="Oui",LEN('A créer'!D20)=0),"","Tab") | N20: =IF(OR('A créer'!D20="Oui",LEN('A créer'!D20)=0),"",IF($K20="DLS",'A créer'!G20,"")) | O20: =IF(OR('A créer'!D20="Oui",LEN('A créer'!D20)=0),"","Tab") | P20: =IF(OR('A créer'!D20="Oui",LEN('A créer'!D20)=0),"",IF($K20="DMS",'A créer'!G20,"")) | Q20: =IF(OR('A créer'!D20="Oui",LEN('A créer'!D20)=0),"","Tab") | R20: =IF(OR('A créer'!D20="Oui",LEN('A créer'!D20)=0),"",IF($K20="DRW",'A créer'!G20,"")) | S20: =IF(OR('A créer'!D20="Oui",LEN('A créer'!D20)=0),"","Tab") | T20: =IF(OR('A créer'!D20="Oui",LEN('A créer'!D20)=0),"",IF($K20="DSW",'A créer'!G20,"")) | U20: =IF(OR('A créer'!D20="Oui",LEN('A créer'!D20)=0),"","Tab") | V20: =IF(OR('A créer'!D20="Oui",LEN('A créer'!D20)=0),"",IF($K20="DEW",'A créer'!G20,"")) | W20: =IF(OR('A créer'!D20="Oui",LEN('A créer'!D20)=0),"","Tab") | X20: =IF(OR('A créer'!D20="Oui",LEN('A créer'!D20)=0),"",IF($K20="DNA",'A créer'!G20,"")) | Y20: =IF(OR('A créer'!D20="Oui",LEN('A créer'!D20)=0),"","Tab") | Z20: =IF(OR('A créer'!D20="Oui",LEN('A créer'!D20)=0),"",IF($K20="DOS",'A créer'!G20,"")) | AA20: =IF(OR('A créer'!D20="Oui",LEN('A créer'!D20)=0),"","Tab") | AB20: =IF(OR('A créer'!D20="Oui",LEN('A créer'!D20)=0),"","Tab") | AC20: =IF(OR('A créer'!D20="Oui",LEN('A créer'!D20)=0),"","OUI") | AD20: =IF(OR('A créer'!D20="Oui",LEN('A créer'!D20)=0),"","Tab") | AE20: =IF(OR('A créer'!D20="Oui",LEN('A créer'!D20)=0),"","ENT") | AF20: =IF(OR('A créer'!D20="Oui",LEN('A créer'!D20)=0),"","*SAVE") | AG20: =IF(OR('A créer'!D20="Oui",LEN('A créer'!D20)=0),"","*FN") | AH20: =IF(OR('A créer'!D20="Oui",LEN('A créer'!D20)=0),"",CONCATENATE("A",RIGHT('A créer'!A20,3))) | AI20: =IF(OR('A créer'!D20="Oui",LEN('A créer'!D20)=0),"","Tab") | AJ20: =IF(OR('A créer'!D20="Oui",LEN('A créer'!D20)=0),"",CONCATENATE('A créer'!A20," Regroupement")) | AK20: =IF(OR('A créer'!D20="Oui",LEN('A créer'!D20)=0),"","Tab4") | AL20: =IF(OR('A créer'!D20="Oui",LEN('A créer'!D20)=0),"","*SB") | AM20: =IF(OR('A créer'!D20="Oui",LEN('A créer'!D20)=0),"","Tab") | AN20: =IF(OR('A créer'!D20="Oui",LEN('A créer'!D20)=0),"",CONCATENATE("A",'A créer'!A20)) | AO20: =IF(OR('A créer'!D20="Oui",LEN('A créer'!D20)=0),"","Tab") | AP20: =IF(OR('A créer'!D20="Oui",LEN('A créer'!D20)=0),"","Tab") | AQ20: =IF(OR('A créer'!D20="Oui",LEN('A créer'!D20)=0),"","ENT") | AR20: =IF(OR('A créer'!D20="Oui",LEN('A créer'!D20)=0),"","Non") | AS20: =IF(OR('A créer'!D20="Oui",LEN('A créer'!D20)=0),"","Tab") | AT20: =IF(OR('A créer'!D20="Oui",LEN('A créer'!D20)=0),"","T") | AU20: =IF(OR('A créer'!D20="Oui",LEN('A créer'!D20)=0),"","Tab") | AV20: =IF(OR('A créer'!D20="Oui",LEN('A créer'!D20)=0),"","ENT") | AW20: =IF(OR('A créer'!D20="Oui",LEN('A créer'!D20)=0),"","*SAVE") | AX20: =IF(OR('A créer'!D20="Oui",LEN('A créer'!D20)=0),"","*UP") | AY20: =IF(OR('A créer'!D20="Oui",LEN('A créer'!D20)=0),"","*Aé") | AZ20: =IF(OR('A créer'!D20="Oui",LEN('A créer'!D20)=0),"",'A créer'!A20) | BA20: =IF(OR('A créer'!D20="Oui",LEN('A créer'!D20)=0),"","Tab") | BB20: =IF(OR('A créer'!D20="Oui",LEN('A créer'!D20)=0),"","*SAVE") | BC20: =IF(OR('A créer'!D20="Oui",LEN('A créer'!D20)=0),"","*ML(751,97)")
A21: =IF(OR('A créer'!D21="Oui",LEN('A créer'!D21)=0),"","*FN") | B21: =IF(OR('A créer'!D21="Oui",LEN('A créer'!D21)=0),"",'A créer'!A21) | C21: =IF(OR('A créer'!D21="Oui",LEN('A créer'!D21)=0),"","Tab") | D21: =IF(OR('A créer'!D21="Oui",LEN('A créer'!D21)=0),"",'A créer'!C21) | E21: =IF(OR('A créer'!D21="Oui",LEN('A créer'!D21)=0),"","Tab4") | F21: =IF(OR('A créer'!D21="Oui",LEN('A créer'!D21)=0),"","Tab") | G21: =IF(OR('A créer'!D21="Oui",LEN('A créer'!D21)=0),"","Tab") | H21: =IF(OR('A créer'!D21="Oui",LEN('A créer'!D21)=0),"","ENT") | I21: =IF(OR('A créer'!D21="Oui",LEN('A créer'!D21)=0),"","Oui") | J21: =IF(OR('A créer'!D21="Oui",LEN('A créer'!D21)=0),"","Tab") | K21: =IF(OR('A créer'!D21="Oui",LEN('A créer'!D21)=0),"",'A créer'!H21) | L21: =IF(OR('A créer'!D21="Oui",LEN('A créer'!D21)=0),"",IF($K21="DCW",'A créer'!G21,"")) | M21: =IF(OR('A créer'!D21="Oui",LEN('A créer'!D21)=0),"","Tab") | N21: =IF(OR('A créer'!D21="Oui",LEN('A créer'!D21)=0),"",IF($K21="DLS",'A créer'!G21,"")) | O21: =IF(OR('A créer'!D21="Oui",LEN('A créer'!D21)=0),"","Tab") | P21: =IF(OR('A créer'!D21="Oui",LEN('A créer'!D21)=0),"",IF($K21="DMS",'A créer'!G21,"")) | Q21: =IF(OR('A créer'!D21="Oui",LEN('A créer'!D21)=0),"","Tab") | R21: =IF(OR('A créer'!D21="Oui",LEN('A créer'!D21)=0),"",IF($K21="DRW",'A créer'!G21,"")) | S21: =IF(OR('A créer'!D21="Oui",LEN('A créer'!D21)=0),"","Tab") | T21: =IF(OR('A créer'!D21="Oui",LEN('A créer'!D21)=0),"",IF($K21="DSW",'A créer'!G21,"")) | U21: =IF(OR('A créer'!D21="Oui",LEN('A créer'!D21)=0),"","Tab") | V21: =IF(OR('A créer'!D21="Oui",LEN('A créer'!D21)=0),"",IF($K21="DEW",'A créer'!G21,"")) | W21: =IF(OR('A créer'!D21="Oui",LEN('A créer'!D21)=0),"","Tab") | X21: =IF(OR('A créer'!D21="Oui",LEN('A créer'!D21)=0),"",IF($K21="DNA",'A créer'!G21,"")) | Y21: =IF(OR('A créer'!D21="Oui",LEN('A créer'!D21)=0),"","Tab") | Z21: =IF(OR('A créer'!D21="Oui",LEN('A créer'!D21)=0),"",IF($K21="DOS",'A créer'!G21,"")) | AA21: =IF(OR('A créer'!D21="Oui",LEN('A créer'!D21)=0),"","Tab") | AB21: =IF(OR('A créer'!D21="Oui",LEN('A créer'!D21)=0),"","Tab") | AC21: =IF(OR('A créer'!D21="Oui",LEN('A créer'!D21)=0),"","OUI") | AD21: =IF(OR('A créer'!D21="Oui",LEN('A créer'!D21)=0),"","Tab") | AE21: =IF(OR('A créer'!D21="Oui",LEN('A créer'!D21)=0),"","ENT") | AF21: =IF(OR('A créer'!D21="Oui",LEN('A créer'!D21)=0),"","*SAVE") | AG21: =IF(OR('A créer'!D21="Oui",LEN('A créer'!D21)=0),"","*FN") | AH21: =IF(OR('A créer'!D21="Oui",LEN('A créer'!D21)=0),"",CONCATENATE("A",RIGHT('A créer'!A21,3))) | AI21: =IF(OR('A créer'!D21="Oui",LEN('A créer'!D21)=0),"","Tab") | AJ21: =IF(OR('A créer'!D21="Oui",LEN('A créer'!D21)=0),"",CONCATENATE('A créer'!A21," Regroupement")) | AK21: =IF(OR('A créer'!D21="Oui",LEN('A créer'!D21)=0),"","Tab4") | AL21: =IF(OR('A créer'!D21="Oui",LEN('A créer'!D21)=0),"","*SB") | AM21: =IF(OR('A créer'!D21="Oui",LEN('A créer'!D21)=0),"","Tab") | AN21: =IF(OR('A créer'!D21="Oui",LEN('A créer'!D21)=0),"",CONCATENATE("A",'A créer'!A21)) | AO21: =IF(OR('A créer'!D21="Oui",LEN('A créer'!D21)=0),"","Tab") | AP21: =IF(OR('A créer'!D21="Oui",LEN('A créer'!D21)=0),"","Tab") | AQ21: =IF(OR('A créer'!D21="Oui",LEN('A créer'!D21)=0),"","ENT") | AR21: =IF(OR('A créer'!D21="Oui",LEN('A créer'!D21)=0),"","Non") | AS21: =IF(OR('A créer'!D21="Oui",LEN('A créer'!D21)=0),"","Tab") | AT21: =IF(OR('A créer'!D21="Oui",LEN('A créer'!D21)=0),"","T") | AU21: =IF(OR('A créer'!D21="Oui",LEN('A créer'!D21)=0),"","Tab") | AV21: =IF(OR('A créer'!D21="Oui",LEN('A créer'!D21)=0),"","ENT") | AW21: =IF(OR('A créer'!D21="Oui",LEN('A créer'!D21)=0),"","*SAVE") | AX21: =IF(OR('A créer'!D21="Oui",LEN('A créer'!D21)=0),"","*UP") | AY21: =IF(OR('A créer'!D21="Oui",LEN('A créer'!D21)=0),"","*Aé") | AZ21: =IF(OR('A créer'!D21="Oui",LEN('A créer'!D21)=0),"",'A créer'!A21) | BA21: =IF(OR('A créer'!D21="Oui",LEN('A créer'!D21)=0),"","Tab") | BB21: =IF(OR('A créer'!D21="Oui",LEN('A créer'!D21)=0),"","*SAVE") | BC21: =IF(OR('A créer'!D21="Oui",LEN('A créer'!D21)=0),"","*ML(751,97)")
A22: =IF(OR('A créer'!D22="Oui",LEN('A créer'!D22)=0),"","*FN") | B22: =IF(OR('A créer'!D22="Oui",LEN('A créer'!D22)=0),"",'A créer'!A22) | C22: =IF(OR('A créer'!D22="Oui",LEN('A créer'!D22)=0),"","Tab") | D22: =IF(OR('A créer'!D22="Oui",LEN('A créer'!D22)=0),"",'A créer'!C22) | E22: =IF(OR('A créer'!D22="Oui",LEN('A créer'!D22)=0),"","Tab4") | F22: =IF(OR('A créer'!D22="Oui",LEN('A créer'!D22)=0),"","Tab") | G22: =IF(OR('A créer'!D22="Oui",LEN('A créer'!D22)=0),"","Tab") | H22: =IF(OR('A créer'!D22="Oui",LEN('A créer'!D22)=0),"","ENT") | I22: =IF(OR('A créer'!D22="Oui",LEN('A créer'!D22)=0),"","Oui") | J22: =IF(OR('A créer'!D22="Oui",LEN('A créer'!D22)=0),"","Tab") | K22: =IF(OR('A créer'!D22="Oui",LEN('A créer'!D22)=0),"",'A créer'!H22) | L22: =IF(OR('A créer'!D22="Oui",LEN('A créer'!D22)=0),"",IF($K22="DCW",'A créer'!G22,"")) | M22: =IF(OR('A créer'!D22="Oui",LEN('A créer'!D22)=0),"","Tab") | N22: =IF(OR('A créer'!D22="Oui",LEN('A créer'!D22)=0),"",IF($K22="DLS",'A créer'!G22,"")) | O22: =IF(OR('A créer'!D22="Oui",LEN('A créer'!D22)=0),"","Tab") | P22: =IF(OR('A créer'!D22="Oui",LEN('A créer'!D22)=0),"",IF($K22="DMS",'A créer'!G22,"")) | Q22: =IF(OR('A créer'!D22="Oui",LEN('A créer'!D22)=0),"","Tab") | R22: =IF(OR('A créer'!D22="Oui",LEN('A créer'!D22)=0),"",IF($K22="DRW",'A créer'!G22,"")) | S22: =IF(OR('A créer'!D22="Oui",LEN('A créer'!D22)=0),"","Tab") | T22: =IF(OR('A créer'!D22="Oui",LEN('A créer'!D22)=0),"",IF($K22="DSW",'A créer'!G22,"")) | U22: =IF(OR('A créer'!D22="Oui",LEN('A créer'!D22)=0),"","Tab") | V22: =IF(OR('A créer'!D22="Oui",LEN('A créer'!D22)=0),"",IF($K22="DEW",'A créer'!G22,"")) | W22: =IF(OR('A créer'!D22="Oui",LEN('A créer'!D22)=0),"","Tab") | X22: =IF(OR('A créer'!D22="Oui",LEN('A créer'!D22)=0),"",IF($K22="DNA",'A créer'!G22,"")) | Y22: =IF(OR('A créer'!D22="Oui",LEN('A créer'!D22)=0),"","Tab") | Z22: =IF(OR('A créer'!D22="Oui",LEN('A créer'!D22)=0),"",IF($K22="DOS",'A créer'!G22,"")) | AA22: =IF(OR('A créer'!D22="Oui",LEN('A créer'!D22)=0),"","Tab") | AB22: =IF(OR('A créer'!D22="Oui",LEN('A créer'!D22)=0),"","Tab") | AC22: =IF(OR('A créer'!D22="Oui",LEN('A créer'!D22)=0),"","OUI") | AD22: =IF(OR('A créer'!D22="Oui",LEN('A créer'!D22)=0),"","Tab") | AE22: =IF(OR('A créer'!D22="Oui",LEN('A créer'!D22)=0),"","ENT") | AF22: =IF(OR('A créer'!D22="Oui",LEN('A créer'!D22)=0),"","*SAVE") | AG22: =IF(OR('A créer'!D22="Oui",LEN('A créer'!D22)=0),"","*FN") | AH22: =IF(OR('A créer'!D22="Oui",LEN('A créer'!D22)=0),"",CONCATENATE("A",RIGHT('A créer'!A22,3))) | AI22: =IF(OR('A créer'!D22="Oui",LEN('A créer'!D22)=0),"","Tab") | AJ22: =IF(OR('A créer'!D22="Oui",LEN('A créer'!D22)=0),"",CONCATENATE('A créer'!A22," Regroupement")) | AK22: =IF(OR('A créer'!D22="Oui",LEN('A créer'!D22)=0),"","Tab4") | AL22: =IF(OR('A créer'!D22="Oui",LEN('A créer'!D22)=0),"","*SB") | AM22: =IF(OR('A créer'!D22="Oui",LEN('A créer'!D22)=0),"","Tab") | AN22: =IF(OR('A créer'!D22="Oui",LEN('A créer'!D22)=0),"",CONCATENATE("A",'A créer'!A22)) | AO22: =IF(OR('A créer'!D22="Oui",LEN('A créer'!D22)=0),"","Tab") | AP22: =IF(OR('A créer'!D22="Oui",LEN('A créer'!D22)=0),"","Tab") | AQ22: =IF(OR('A créer'!D22="Oui",LEN('A créer'!D22)=0),"","ENT") | AR22: =IF(OR('A créer'!D22="Oui",LEN('A créer'!D22)=0),"","Non") | AS22: =IF(OR('A créer'!D22="Oui",LEN('A créer'!D22)=0),"","Tab") | AT22: =IF(OR('A créer'!D22="Oui",LEN('A créer'!D22)=0),"","T") | AU22: =IF(OR('A créer'!D22="Oui",LEN('A créer'!D22)=0),"","Tab") | AV22: =IF(OR('A créer'!D22="Oui",LEN('A créer'!D22)=0),"","ENT") | AW22: =IF(OR('A créer'!D22="Oui",LEN('A créer'!D22)=0),"","*SAVE") | AX22: =IF(OR('A créer'!D22="Oui",LEN('A créer'!D22)=0),"","*UP") | AY22: =IF(OR('A créer'!D22="Oui",LEN('A créer'!D22)=0),"","*Aé") | AZ22: =IF(OR('A créer'!D22="Oui",LEN('A créer'!D22)=0),"",'A créer'!A22) | BA22: =IF(OR('A créer'!D22="Oui",LEN('A créer'!D22)=0),"","Tab") | BB22: =IF(OR('A créer'!D22="Oui",LEN('A créer'!D22)=0),"","*SAVE") | BC22: =IF(OR('A créer'!D22="Oui",LEN('A créer'!D22)=0),"","*ML(751,97)")
A23: =IF(OR('A créer'!D23="Oui",LEN('A créer'!D23)=0),"","*FN") | B23: =IF(OR('A créer'!D23="Oui",LEN('A créer'!D23)=0),"",'A créer'!A23) | C23: =IF(OR('A créer'!D23="Oui",LEN('A créer'!D23)=0),"","Tab") | D23: =IF(OR('A créer'!D23="Oui",LEN('A créer'!D23)=0),"",'A créer'!C23) | E23: =IF(OR('A créer'!D23="Oui",LEN('A créer'!D23)=0),"","Tab4") | F23: =IF(OR('A créer'!D23="Oui",LEN('A créer'!D23)=0),"","Tab") | G23: =IF(OR('A créer'!D23="Oui",LEN('A créer'!D23)=0),"","Tab") | H23: =IF(OR('A créer'!D23="Oui",LEN('A créer'!D23)=0),"","ENT") | I23: =IF(OR('A créer'!D23="Oui",LEN('A créer'!D23)=0),"","Oui") | J23: =IF(OR('A créer'!D23="Oui",LEN('A créer'!D23)=0),"","Tab") | K23: =IF(OR('A créer'!D23="Oui",LEN('A créer'!D23)=0),"",'A créer'!H23) | L23: =IF(OR('A créer'!D23="Oui",LEN('A créer'!D23)=0),"",IF($K23="DCW",'A créer'!G23,"")) | M23: =IF(OR('A créer'!D23="Oui",LEN('A créer'!D23)=0),"","Tab") | N23: =IF(OR('A créer'!D23="Oui",LEN('A créer'!D23)=0),"",IF($K23="DLS",'A créer'!G23,"")) | O23: =IF(OR('A créer'!D23="Oui",LEN('A créer'!D23)=0),"","Tab") | P23: =IF(OR('A créer'!D23="Oui",LEN('A créer'!D23)=0),"",IF($K23="DMS",'A créer'!G23,"")) | Q23: =IF(OR('A créer'!D23="Oui",LEN('A créer'!D23)=0),"","Tab") | R23: =IF(OR('A créer'!D23="Oui",LEN('A créer'!D23)=0),"",IF($K23="DRW",'A créer'!G23,"")) | S23: =IF(OR('A créer'!D23="Oui",LEN('A créer'!D23)=0),"","Tab") | T23: =IF(OR('A créer'!D23="Oui",LEN('A créer'!D23)=0),"",IF($K23="DSW",'A créer'!G23,"")) | U23: =IF(OR('A créer'!D23="Oui",LEN('A créer'!D23)=0),"","Tab") | V23: =IF(OR('A créer'!D23="Oui",LEN('A créer'!D23)=0),"",IF($K23="DEW",'A créer'!G23,"")) | W23: =IF(OR('A créer'!D23="Oui",LEN('A créer'!D23)=0),"","Tab") | X23: =IF(OR('A créer'!D23="Oui",LEN('A créer'!D23)=0),"",IF($K23="DNA",'A créer'!G23,"")) | Y23: =IF(OR('A créer'!D23="Oui",LEN('A créer'!D23)=0),"","Tab") | Z23: =IF(OR('A créer'!D23="Oui",LEN('A créer'!D23)=0),"",IF($K23="DOS",'A créer'!G23,"")) | AA23: =IF(OR('A créer'!D23="Oui",LEN('A créer'!D23)=0),"","Tab") | AB23: =IF(OR('A créer'!D23="Oui",LEN('A créer'!D23)=0),"","Tab") | AC23: =IF(OR('A créer'!D23="Oui",LEN('A créer'!D23)=0),"","OUI") | AD23: =IF(OR('A créer'!D23="Oui",LEN('A créer'!D23)=0),"","Tab") | AE23: =IF(OR('A créer'!D23="Oui",LEN('A créer'!D23)=0),"","ENT") | AF23: =IF(OR('A créer'!D23="Oui",LEN('A créer'!D23)=0),"","*SAVE") | AG23: =IF(OR('A créer'!D23="Oui",LEN('A créer'!D23)=0),"","*FN") | AH23: =IF(OR('A créer'!D23="Oui",LEN('A créer'!D23)=0),"",CONCATENATE("A",RIGHT('A créer'!A23,3))) | AI23: =IF(OR('A créer'!D23="Oui",LEN('A créer'!D23)=0),"","Tab") | AJ23: =IF(OR('A créer'!D23="Oui",LEN('A créer'!D23)=0),"",CONCATENATE('A créer'!A23," Regroupement")) | AK23: =IF(OR('A créer'!D23="Oui",LEN('A créer'!D23)=0),"","Tab4") | AL23: =IF(OR('A créer'!D23="Oui",LEN('A créer'!D23)=0),"","*SB") | AM23: =IF(OR('A créer'!D23="Oui",LEN('A créer'!D23)=0),"","Tab") | AN23: =IF(OR('A créer'!D23="Oui",LEN('A créer'!D23)=0),"",CONCATENATE("A",'A créer'!A23)) | AO23: =IF(OR('A créer'!D23="Oui",LEN('A créer'!D23)=0),"","Tab") | AP23: =IF(OR('A créer'!D23="Oui",LEN('A créer'!D23)=0),"","Tab") | AQ23: =IF(OR('A créer'!D23="Oui",LEN('A créer'!D23)=0),"","ENT") | AR23: =IF(OR('A créer'!D23="Oui",LEN('A créer'!D23)=0),"","Non") | AS23: =IF(OR('A créer'!D23="Oui",LEN('A créer'!D23)=0),"","Tab") | AT23: =IF(OR('A créer'!D23="Oui",LEN('A créer'!D23)=0),"","T") | AU23: =IF(OR('A créer'!D23="Oui",LEN('A créer'!D23)=0),"","Tab") | AV23: =IF(OR('A créer'!D23="Oui",LEN('A créer'!D23)=0),"","ENT") | AW23: =IF(OR('A créer'!D23="Oui",LEN('A créer'!D23)=0),"","*SAVE") | AX23: =IF(OR('A créer'!D23="Oui",LEN('A créer'!D23)=0),"","*UP") | AY23: =IF(OR('A créer'!D23="Oui",LEN('A créer'!D23)=0),"","*Aé") | AZ23: =IF(OR('A créer'!D23="Oui",LEN('A créer'!D23)=0),"",'A créer'!A23) | BA23: =IF(OR('A créer'!D23="Oui",LEN('A créer'!D23)=0),"","Tab") | BB23: =IF(OR('A créer'!D23="Oui",LEN('A créer'!D23)=0),"","*SAVE") | BC23: =IF(OR('A créer'!D23="Oui",LEN('A créer'!D23)=0),"","*ML(751,97)")
A24: =IF(OR('A créer'!D24="Oui",LEN('A créer'!D24)=0),"","*FN") | B24: =IF(OR('A créer'!D24="Oui",LEN('A créer'!D24)=0),"",'A créer'!A24) | C24: =IF(OR('A créer'!D24="Oui",LEN('A créer'!D24)=0),"","Tab") | D24: =IF(OR('A créer'!D24="Oui",LEN('A créer'!D24)=0),"",'A créer'!C24) | E24: =IF(OR('A créer'!D24="Oui",LEN('A créer'!D24)=0),"","Tab4") | F24: =IF(OR('A créer'!D24="Oui",LEN('A créer'!D24)=0),"","Tab") | G24: =IF(OR('A créer'!D24="Oui",LEN('A créer'!D24)=0),"","Tab") | H24: =IF(OR('A créer'!D24="Oui",LEN('A créer'!D24)=0),"","ENT") | I24: =IF(OR('A créer'!D24="Oui",LEN('A créer'!D24)=0),"","Oui") | J24: =IF(OR('A créer'!D24="Oui",LEN('A créer'!D24)=0),"","Tab") | K24: =IF(OR('A créer'!D24="Oui",LEN('A créer'!D24)=0),"",'A créer'!H24) | L24: =IF(OR('A créer'!D24="Oui",LEN('A créer'!D24)=0),"",IF($K24="DCW",'A créer'!G24,"")) | M24: =IF(OR('A créer'!D24="Oui",LEN('A créer'!D24)=0),"","Tab") | N24: =IF(OR('A créer'!D24="Oui",LEN('A créer'!D24)=0),"",IF($K24="DLS",'A créer'!G24,"")) | O24: =IF(OR('A créer'!D24="Oui",LEN('A créer'!D24)=0),"","Tab") | P24: =IF(OR('A créer'!D24="Oui",LEN('A créer'!D24)=0),"",IF($K24="DMS",'A créer'!G24,"")) | Q24: =IF(OR('A créer'!D24="Oui",LEN('A créer'!D24)=0),"","Tab") | R24: =IF(OR('A créer'!D24="Oui",LEN('A créer'!D24)=0),"",IF($K24="DRW",'A créer'!G24,"")) | S24: =IF(OR('A créer'!D24="Oui",LEN('A créer'!D24)=0),"","Tab") | T24: =IF(OR('A créer'!D24="Oui",LEN('A créer'!D24)=0),"",IF($K24="DSW",'A créer'!G24,"")) | U24: =IF(OR('A créer'!D24="Oui",LEN('A créer'!D24)=0),"","Tab") | V24: =IF(OR('A créer'!D24="Oui",LEN('A créer'!D24)=0),"",IF($K24="DEW",'A créer'!G24,"")) | W24: =IF(OR('A créer'!D24="Oui",LEN('A créer'!D24)=0),"","Tab") | X24: =IF(OR('A créer'!D24="Oui",LEN('A créer'!D24)=0),"",IF($K24="DNA",'A créer'!G24,"")) | Y24: =IF(OR('A créer'!D24="Oui",LEN('A créer'!D24)=0),"","Tab") | Z24: =IF(OR('A créer'!D24="Oui",LEN('A créer'!D24)=0),"",IF($K24="DOS",'A créer'!G24,"")) | AA24: =IF(OR('A créer'!D24="Oui",LEN('A créer'!D24)=0),"","Tab") | AB24: =IF(OR('A créer'!D24="Oui",LEN('A créer'!D24)=0),"","Tab") | AC24: =IF(OR('A créer'!D24="Oui",LEN('A créer'!D24)=0),"","OUI") | AD24: =IF(OR('A créer'!D24="Oui",LEN('A créer'!D24)=0),"","Tab") | AE24: =IF(OR('A créer'!D24="Oui",LEN('A créer'!D24)=0),"","ENT") | AF24: =IF(OR('A créer'!D24="Oui",LEN('A créer'!D24)=0),"","*SAVE") | AG24: =IF(OR('A créer'!D24="Oui",LEN('A créer'!D24)=0),"","*FN") | AH24: =IF(OR('A créer'!D24="Oui",LEN('A créer'!D24)=0),"",CONCATENATE("A",RIGHT('A créer'!A24,3))) | AI24: =IF(OR('A créer'!D24="Oui",LEN('A créer'!D24)=0),"","Tab") | AJ24: =IF(OR('A créer'!D24="Oui",LEN('A créer'!D24)=0),"",CONCATENATE('A créer'!A24," Regroupement")) | AK24: =IF(OR('A créer'!D24="Oui",LEN('A créer'!D24)=0),"","Tab4") | AL24: =IF(OR('A créer'!D24="Oui",LEN('A créer'!D24)=0),"","*SB") | AM24: =IF(OR('A créer'!D24="Oui",LEN('A créer'!D24)=0),"","Tab") | AN24: =IF(OR('A créer'!D24="Oui",LEN('A créer'!D24)=0),"",CONCATENATE("A",'A créer'!A24)) | AO24: =IF(OR('A créer'!D24="Oui",LEN('A créer'!D24)=0),"","Tab") | AP24: =IF(OR('A créer'!D24="Oui",LEN('A créer'!D24)=0),"","Tab") | AQ24: =IF(OR('A créer'!D24="Oui",LEN('A créer'!D24)=0),"","ENT") | AR24: =IF(OR('A créer'!D24="Oui",LEN('A créer'!D24)=0),"","Non") | AS24: =IF(OR('A créer'!D24="Oui",LEN('A créer'!D24)=0),"","Tab") | AT24: =IF(OR('A créer'!D24="Oui",LEN('A créer'!D24)=0),"","T") | AU24: =IF(OR('A créer'!D24="Oui",LEN('A créer'!D24)=0),"","Tab") | AV24: =IF(OR('A créer'!D24="Oui",LEN('A créer'!D24)=0),"","ENT") | AW24: =IF(OR('A créer'!D24="Oui",LEN('A créer'!D24)=0),"","*SAVE") | AX24: =IF(OR('A créer'!D24="Oui",LEN('A créer'!D24)=0),"","*UP") | AY24: =IF(OR('A créer'!D24="Oui",LEN('A créer'!D24)=0),"","*Aé") | AZ24: =IF(OR('A créer'!D24="Oui",LEN('A créer'!D24)=0),"",'A créer'!A24) | BA24: =IF(OR('A créer'!D24="Oui",LEN('A créer'!D24)=0),"","Tab") | BB24: =IF(OR('A créer'!D24="Oui",LEN('A créer'!D24)=0),"","*SAVE") | BC24: =IF(OR('A créer'!D24="Oui",LEN('A créer'!D24)=0),"","*ML(751,97)")
A25: =IF(OR('A créer'!D25="Oui",LEN('A créer'!D25)=0),"","*FN") | B25: =IF(OR('A créer'!D25="Oui",LEN('A créer'!D25)=0),"",'A créer'!A25) | C25: =IF(OR('A créer'!D25="Oui",LEN('A créer'!D25)=0),"","Tab") | D25: =IF(OR('A créer'!D25="Oui",LEN('A créer'!D25)=0),"",'A créer'!C25) | E25: =IF(OR('A créer'!D25="Oui",LEN('A créer'!D25)=0),"","Tab4") | F25: =IF(OR('A créer'!D25="Oui",LEN('A créer'!D25)=0),"","Tab") | G25: =IF(OR('A créer'!D25="Oui",LEN('A créer'!D25)=0),"","Tab") | H25: =IF(OR('A créer'!D25="Oui",LEN('A créer'!D25)=0),"","ENT") | I25: =IF(OR('A créer'!D25="Oui",LEN('A créer'!D25)=0),"","Oui") | J25: =IF(OR('A créer'!D25="Oui",LEN('A créer'!D25)=0),"","Tab") | K25: =IF(OR('A créer'!D25="Oui",LEN('A créer'!D25)=0),"",'A créer'!H25) | L25: =IF(OR('A créer'!D25="Oui",LEN('A créer'!D25)=0),"",IF($K25="DCW",'A créer'!G25,"")) | M25: =IF(OR('A créer'!D25="Oui",LEN('A créer'!D25)=0),"","Tab") | N25: =IF(OR('A créer'!D25="Oui",LEN('A créer'!D25)=0),"",IF($K25="DLS",'A créer'!G25,"")) | O25: =IF(OR('A créer'!D25="Oui",LEN('A créer'!D25)=0),"","Tab") | P25: =IF(OR('A créer'!D25="Oui",LEN('A créer'!D25)=0),"",IF($K25="DMS",'A créer'!G25,"")) | Q25: =IF(OR('A créer'!D25="Oui",LEN('A créer'!D25)=0),"","Tab") | R25: =IF(OR('A créer'!D25="Oui",LEN('A créer'!D25)=0),"",IF($K25="DRW",'A créer'!G25,"")) | S25: =IF(OR('A créer'!D25="Oui",LEN('A créer'!D25)=0),"","Tab") | T25: =IF(OR('A créer'!D25="Oui",LEN('A créer'!D25)=0),"",IF($K25="DSW",'A créer'!G25,"")) | U25: =IF(OR('A créer'!D25="Oui",LEN('A créer'!D25)=0),"","Tab") | V25: =IF(OR('A créer'!D25="Oui",LEN('A créer'!D25)=0),"",IF($K25="DEW",'A créer'!G25,"")) | W25: =IF(OR('A créer'!D25="Oui",LEN('A créer'!D25)=0),"","Tab") | X25: =IF(OR('A créer'!D25="Oui",LEN('A créer'!D25)=0),"",IF($K25="DNA",'A créer'!G25,"")) | Y25: =IF(OR('A créer'!D25="Oui",LEN('A créer'!D25)=0),"","Tab") | Z25: =IF(OR('A créer'!D25="Oui",LEN('A créer'!D25)=0),"",IF($K25="DOS",'A créer'!G25,"")) | AA25: =IF(OR('A créer'!D25="Oui",LEN('A créer'!D25)=0),"","Tab") | AB25: =IF(OR('A créer'!D25="Oui",LEN('A créer'!D25)=0),"","Tab") | AC25: =IF(OR('A créer'!D25="Oui",LEN('A créer'!D25)=0),"","OUI") | AD25: =IF(OR('A créer'!D25="Oui",LEN('A créer'!D25)=0),"","Tab") | AE25: =IF(OR('A créer'!D25="Oui",LEN('A créer'!D25)=0),"","ENT") | AF25: =IF(OR('A créer'!D25="Oui",LEN('A créer'!D25)=0),"","*SAVE") | AG25: =IF(OR('A créer'!D25="Oui",LEN('A créer'!D25)=0),"","*FN") | AH25: =IF(OR('A créer'!D25="Oui",LEN('A créer'!D25)=0),"",CONCATENATE("A",RIGHT('A créer'!A25,3))) | AI25: =IF(OR('A créer'!D25="Oui",LEN('A créer'!D25)=0),"","Tab") | AJ25: =IF(OR('A créer'!D25="Oui",LEN('A créer'!D25)=0),"",CONCATENATE('A créer'!A25," Regroupement")) | AK25: =IF(OR('A créer'!D25="Oui",LEN('A créer'!D25)=0),"","Tab4") | AL25: =IF(OR('A créer'!D25="Oui",LEN('A créer'!D25)=0),"","*SB") | AM25: =IF(OR('A créer'!D25="Oui",LEN('A créer'!D25)=0),"","Tab") | AN25: =IF(OR('A créer'!D25="Oui",LEN('A créer'!D25)=0),"",CONCATENATE("A",'A créer'!A25)) | AO25: =IF(OR('A créer'!D25="Oui",LEN('A créer'!D25)=0),"","Tab") | AP25: =IF(OR('A créer'!D25="Oui",LEN('A créer'!D25)=0),"","Tab") | AQ25: =IF(OR('A créer'!D25="Oui",LEN('A créer'!D25)=0),"","ENT") | AR25: =IF(OR('A créer'!D25="Oui",LEN('A créer'!D25)=0),"","Non") | AS25: =IF(OR('A créer'!D25="Oui",LEN('A créer'!D25)=0),"","Tab") | AT25: =IF(OR('A créer'!D25="Oui",LEN('A créer'!D25)=0),"","T") | AU25: =IF(OR('A créer'!D25="Oui",LEN('A créer'!D25)=0),"","Tab") | AV25: =IF(OR('A créer'!D25="Oui",LEN('A créer'!D25)=0),"","ENT") | AW25: =IF(OR('A créer'!D25="Oui",LEN('A créer'!D25)=0),"","*SAVE") | AX25: =IF(OR('A créer'!D25="Oui",LEN('A créer'!D25)=0),"","*UP") | AY25: =IF(OR('A créer'!D25="Oui",LEN('A créer'!D25)=0),"","*Aé") | AZ25: =IF(OR('A créer'!D25="Oui",LEN('A créer'!D25)=0),"",'A créer'!A25) | BA25: =IF(OR('A créer'!D25="Oui",LEN('A créer'!D25)=0),"","Tab") | BB25: =IF(OR('A créer'!D25="Oui",LEN('A créer'!D25)=0),"","*SAVE") | BC25: =IF(OR('A créer'!D25="Oui",LEN('A créer'!D25)=0),"","*ML(751,97)")
... A30: =IF(OR('A créer'!D30="Oui",LEN('A créer'!D30)=0),"","*FN") | B30: =IF(OR('A créer'!D30="Oui",LEN('A créer'!D30)=0),"",'A créer'!A30) | C30: =IF(OR('A créer'!D30="Oui",LEN('A créer'!D30)=0),"","Tab") | D30: =IF(OR('A créer'!D30="Oui",LEN('A créer'!D30)=0),"",'A créer'!C30) | E30: =IF(OR('A créer'!D30="Oui",LEN('A créer'!D30)=0),"","Tab4") | F30: =IF(OR('A créer'!D30="Oui",LEN('A créer'!D30)=0),"","Tab") | G30: =IF(OR('A créer'!D30="Oui",LEN('A créer'!D30)=0),"","Tab") | H30: =IF(OR('A créer'!D30="Oui",LEN('A créer'!D30)=0),"","ENT") | I30: =IF(OR('A créer'!D30="Oui",LEN('A créer'!D30)=0),"","Oui") | J30: =IF(OR('A créer'!D30="Oui",LEN('A créer'!D30)=0),"","Tab") | K30: =IF(OR('A créer'!D30="Oui",LEN('A créer'!D30)=0),"",'A créer'!H30) | L30: =IF(OR('A créer'!D30="Oui",LEN('A créer'!D30)=0),"",IF($K30="DCW",'A créer'!G30,"")) | M30: =IF(OR('A créer'!D30="Oui",LEN('A créer'!D30)=0),"","Tab") | N30: =IF(OR('A créer'!D30="Oui",LEN('A créer'!D30)=0),"",IF($K30="DLS",'A créer'!G30,"")) | O30: =IF(OR('A créer'!D30="Oui",LEN('A créer'!D30)=0),"","Tab") | P30: =IF(OR('A créer'!D30="Oui",LEN('A créer'!D30)=0),"",IF($K30="DMS",'A créer'!G30,"")) | Q30: =IF(OR('A créer'!D30="Oui",LEN('A créer'!D30)=0),"","Tab") | R30: =IF(OR('A créer'!D30="Oui",LEN('A créer'!D30)=0),"",IF($K30="DRW",'A créer'!G30,"")) | S30: =IF(OR('A créer'!D30="Oui",LEN('A créer'!D30)=0),"","Tab") | T30: =IF(OR('A créer'!D30="Oui",LEN('A créer'!D30)=0),"",IF($K30="DSW",'A créer'!G30,"")) | U30: =IF(OR('A créer'!D30="Oui",LEN('A créer'!D30)=0),"","Tab") | V30: =IF(OR('A créer'!D30="Oui",LEN('A créer'!D30)=0),"",IF($K30="DEW",'A créer'!G30,"")) | W30: =IF(OR('A créer'!D30="Oui",LEN('A créer'!D30)=0),"","Tab") | X30: =IF(OR('A créer'!D30="Oui",LEN('A créer'!D30)=0),"",IF($K30="DNA",'A créer'!G30,"")) | Y30: =IF(OR('A créer'!D30="Oui",LEN('A créer'!D30)=0),"","Tab") | Z30: =IF(OR('A créer'!D30="Oui",LEN('A créer'!D30)=0),"",IF($K30="DOS",'A créer'!G30,"")) | AA30: =IF(OR('A créer'!D30="Oui",LEN('A créer'!D30)=0),"","Tab") | AB30: =IF(OR('A créer'!D30="Oui",LEN('A créer'!D30)=0),"","Tab") | AC30: =IF(OR('A créer'!D30="Oui",LEN('A créer'!D30)=0),"","OUI") | AD30: =IF(OR('A créer'!D30="Oui",LEN('A créer'!D30)=0),"","Tab") | AE30: =IF(OR('A créer'!D30="Oui",LEN('A créer'!D30)=0),"","ENT") | AF30: =IF(OR('A créer'!D30="Oui",LEN('A créer'!D30)=0),"","*SAVE") | AG30: =IF(OR('A créer'!D30="Oui",LEN('A créer'!D30)=0),"","*FN") | AH30: =IF(OR('A créer'!D30="Oui",LEN('A créer'!D30)=0),"",CONCATENATE("A",RIGHT('A créer'!A30,3))) | AI30: =IF(OR('A créer'!D30="Oui",LEN('A créer'!D30)=0),"","Tab") | AJ30: =IF(OR('A créer'!D30="Oui",LEN('A créer'!D30)=0),"",CONCATENATE('A créer'!A30," Regroupement")) | AK30: =IF(OR('A créer'!D30="Oui",LEN('A créer'!D30)=0),"","Tab4") | AL30: =IF(OR('A créer'!D30="Oui",LEN('A créer'!D30)=0),"","*SB") | AM30: =IF(OR('A créer'!D30="Oui",LEN('A créer'!D30)=0),"","Tab") | AN30: =IF(OR('A créer'!D30="Oui",LEN('A créer'!D30)=0),"",CONCATENATE("A",'A créer'!A30)) | AO30: =IF(OR('A créer'!D30="Oui",LEN('A créer'!D30)=0),"","Tab") | AP30: =IF(OR('A créer'!D30="Oui",LEN('A créer'!D30)=0),"","Tab") | AQ30: =IF(OR('A créer'!D30="Oui",LEN('A créer'!D30)=0),"","ENT") | AR30: =IF(OR('A créer'!D30="Oui",LEN('A créer'!D30)=0),"","Non") | AS30: =IF(OR('A créer'!D30="Oui",LEN('A créer'!D30)=0),"","Tab") | AT30: =IF(OR('A créer'!D30="Oui",LEN('A créer'!D30)=0),"","T") | AU30: =IF(OR('A créer'!D30="Oui",LEN('A créer'!D30)=0),"","Tab") | AV30: =IF(OR('A créer'!D30="Oui",LEN('A créer'!D30)=0),"","ENT") | AW30: =IF(OR('A créer'!D30="Oui",LEN('A créer'!D30)=0),"","*SAVE") | AX30: =IF(OR('A créer'!D30="Oui",LEN('A créer'!D30)=0),"","*UP") | AY30: =IF(OR('A créer'!D30="Oui",LEN('A créer'!D30)=0),"","*Aé") | AZ30: =IF(OR('A créer'!D30="Oui",LEN('A créer'!D30)=0),"",'A créer'!A30) | BA30: =IF(OR('A créer'!D30="Oui",LEN('A créer'!D30)=0),"","Tab") | BB30: =IF(OR('A créer'!D30="Oui",LEN('A créer'!D30)=0),"","*SAVE") | BC30: =IF(OR('A créer'!D30="Oui",LEN('A créer'!D30)=0),"","*ML(751,97)")

Sheet DAOPCCF_INTERCO
A1: *FN | B1: Code | C1: Tab | D1: Description | E1: Tab 4 | F1: Tab | G1: Tab | H1: ENT | I1: ARGOS | J1: Tab | K1: Activé | L1: Tab | M1: Magnitude | N1: ENT | O1: *SAVE | P1: *FN | Q1: Code | R1: Tab | S1: Description | T1: Tab 4 | U1: Tab | V1: Tab | W1: ENT | X1: ARGOS | Y1: Tab | Z1: Activé | AA1: Tab | AB1: Magnitude | AC1: ENT | AD1: *SAVE | AE1: *FN | AF1: Code | AG1: Tab | AH1: Description | AI1: Tab 4 | AJ1: *SB | AK1: Tab | AL1: Regroup | AM1: Tab | AN1: Tab | AO1: ENT | AP1: ENT | AQ1: *SAVE | AR1: *UP | AS1: *Aé | AT1: Code | AU1: Tab | AV1: *DN | AW1: Code | AX1: Tab | AY1: *SAVE | AZ1: Close
A2: =IF(OR('A créer'!D2="Oui",LEN('A créer'!D2)=0),IF(AND(LEN('A créer'!B2)>0,'A créer'!B2<>'A créer'!H2)=TRUE,"*FN",""),"*FN") | B2: =IF(OR('A créer'!D2="Oui",LEN('A créer'!D2)=0),IF(LEN('A créer'!B2)>0,IF('A créer'!B2='A créer'!H2,"",CONCATENATE('A créer'!B2,'A créer'!A2)),""),CONCATENATE('A créer'!B2,'A créer'!A2)) | C2: =IF(OR('A créer'!D2="Oui",LEN('A créer'!D2)=0),IF(AND(LEN('A créer'!B2)>0,'A créer'!B2<>'A créer'!H2)=TRUE,"Tab",""),"Tab") | D2: =IF(OR('A créer'!D2="Oui",LEN('A créer'!D2)=0),IF(AND(LEN('A créer'!B2)>0,'A créer'!B2<>'A créer'!H2)=TRUE,CONCATENATE('A créer'!B2,'A créer'!A2,"-",'A créer'!C2),""),CONCATENATE('A créer'!B2,'A créer'!A2,"-",'A créer'!C2)) | E2: =IF(OR('A créer'!D2="Oui",LEN('A créer'!D2)=0),IF(AND(LEN('A créer'!B2)>0,'A créer'!B2<>'A créer'!H2)=TRUE,"Tab 4",""),"Tab 4") | F2: =IF(OR('A créer'!D2="Oui",LEN('A créer'!D2)=0),IF(AND(LEN('A créer'!B2)>0,'A créer'!B2<>'A créer'!H2)=TRUE,"Tab",""),"Tab") | G2: =IF(OR('A créer'!D2="Oui",LEN('A créer'!D2)=0),IF(AND(LEN('A créer'!B2)>0,'A créer'!B2<>'A créer'!H2)=TRUE,"Tab",""),"Tab") | H2: =IF(OR('A créer'!D2="Oui",LEN('A créer'!D2)=0),IF(AND(LEN('A créer'!B2)>0,'A créer'!B2<>'A créer'!H2)=TRUE,"ENT",""),"ENT") | I2: =IF('A créer'!D2="Oui",IF(AND(LEN('A créer'!B2)>0,'A créer'!B2<>'A créer'!H2)=TRUE,'A créer'!G2,""),'A créer'!G2) | J2: =IF(OR('A créer'!D2="Oui",LEN('A créer'!D2)=0),IF(AND(LEN('A créer'!B2)>0,'A créer'!B2<>'A créer'!H2)=TRUE,"Tab",""),"Tab") | K2: =IF(OR('A créer'!D2="Oui",LEN('A créer'!D2)=0),IF(AND(LEN('A créer'!B2)>0,'A créer'!B2<>'A créer'!H2)=TRUE,"Oui",""),"Oui") | L2: =IF(OR('A créer'!D2="Oui",LEN('A créer'!D2)=0),IF(AND(LEN('A créer'!B2)>0,'A créer'!B2<>'A créer'!H2)=TRUE,"Tab",""),"Tab") | M2: =IF(OR('A créer'!D2="Oui",LEN('A créer'!D2)=0),IF(AND(LEN('A créer'!B2)>0,'A créer'!B2<>'A créer'!H2)=TRUE,'A créer'!E2,""),'A créer'!E2) | N2: =IF(OR('A créer'!D2="Oui",LEN('A créer'!D2)=0),IF(AND(LEN('A créer'!B2)>0,'A créer'!B2<>'A créer'!H2)=TRUE,"ENT",""),"ENT") | O2: =IF(OR('A créer'!D2="Oui",LEN('A créer'!D2)=0),IF(AND(LEN('A créer'!B2)>0,'A créer'!B2<>'A créer'!H2)=TRUE,"*SAVE",""),"*SAVE") | P2: =IF(OR('A créer'!D2="Oui",LEN('A créer'!D2)=0),"","*FN") | Q2: =IF(OR('A créer'!D2="Oui",LEN('A créer'!D2)=0),"",CONCATENATE("XXX",'A créer'!A2)) | R2: =IF(OR('A créer'!D2="Oui",LEN('A créer'!D2)=0),"","Tab") | S2: =IF(OR('A créer'!D2="Oui",LEN('A créer'!D2)=0),"",CONCATENATE("XXX-",'A créer'!C2)) | T2: =IF(OR('A créer'!D2="Oui",LEN('A créer'!D2)=0),"","Tab 4") | U2: =IF(OR('A créer'!D2="Oui",LEN('A créer'!D2)=0),"","Tab") | V2: =IF(OR('A créer'!D2="Oui",LEN('A créer'!D2)=0),"","Tab") | W2: =IF(OR('A créer'!D2="Oui",LEN('A créer'!D2)=0),"","ENT") | X2: =IF(OR('A créer'!D2="Oui",LEN('A créer'!D2)=0),"",'A créer'!G2) | Y2: =IF(OR('A créer'!D2="Oui",LEN('A créer'!D2)=0),"","Tab") | Z2: =IF(OR('A créer'!D2="Oui",LEN('A créer'!D2)=0),"","Oui") | AA2: =IF(OR('A créer'!D2="Oui",LEN('A créer'!D2)=0),"","Tab") | AB2: =IF(OR('A créer'!D2="Oui",LEN('A créer'!D2)=0),"","NON") | AC2: =IF(OR('A créer'!D2="Oui",LEN('A créer'!D2)=0),"","ENT") | AD2: =IF(OR('A créer'!D2="Oui",LEN('A créer'!D2)=0),"","*SAVE") | AE2: =IF(OR('A créer'!D2="Oui",LEN('A créer'!D2)=0),"","*FN") | AF2: =IF(OR('A créer'!D2="Oui",LEN('A créer'!D2)=0),"",'A créer'!A2) | AG2: =IF(OR('A créer'!D2="Oui",LEN('A créer'!D2)=0),"","Tab") | AH2: =IF(OR('A créer'!D2="Oui",LEN('A créer'!D2)=0),"",'A créer'!C2) | AI2: =IF(OR('A créer'!D2="Oui",LEN('A créer'!D2)=0),"","Tab 4") | AJ2: =IF(OR('A créer'!D2="Oui",LEN('A créer'!D2)=0),"","*SB") | AK2: =IF(OR('A créer'!D2="Oui",LEN('A créer'!D2)=0),"","Tab") | AL2: =IF(OR('A créer'!D2="Oui",LEN('A créer'!D2)=0),"","InterCoSte") | AM2: =IF(OR('A créer'!D2="Oui",LEN('A créer'!D2)=0),"","Tab") | AN2: =IF(OR('A créer'!D2="Oui",LEN('A créer'!D2)=0),"","Tab") | AO2: =IF(OR('A créer'!D2="Oui",LEN('A créer'!D2)=0),"","ENT") | AP2: =IF(OR('A créer'!D2="Oui",LEN('A créer'!D2)=0),"","ENT") | AQ2: =IF(OR('A créer'!D2="Oui",LEN('A créer'!D2)=0),"","*SAVE") | AR2: =IF(OR('A créer'!D2="Oui",LEN('A créer'!D2)=0),"","*UP") | AS2: =IF(OR('A créer'!D2="Oui",LEN('A créer'!D2)=0),"","*Aé") | AT2: =IF(OR('A créer'!D2="Oui",LEN('A créer'!D2)=0),"",CONCATENATE('A créer'!B2,'A créer'!A2)) | AU2: =IF(OR('A créer'!D2="Oui",LEN('A créer'!D2)=0),"","Tab") | AV2: =IF(OR('A créer'!D2="Oui",LEN('A créer'!D2)=0),"","*DN") | AW2: =IF(OR('A créer'!D2="Oui",LEN('A créer'!D2)=0),"",CONCATENATE("XXX",'A créer'!A2)) | AX2: =IF(OR('A créer'!D2="Oui",LEN('A créer'!D2)=0),"","Tab") | AY2: =IF(OR('A créer'!D2="Oui",LEN('A créer'!D2)=0),"","*SAVE") | AZ2: =IF(OR('A créer'!D2="Oui",LEN('A créer'!D2)=0),"","*ML(608,125)")
A3: =IF(OR('A créer'!D3="Oui",LEN('A créer'!D3)=0),IF(AND(LEN('A créer'!B3)>0,'A créer'!B3<>'A créer'!H3)=TRUE,"*FN",""),"*FN") | B3: =IF(OR('A créer'!D3="Oui",LEN('A créer'!D3)=0),IF(LEN('A créer'!B3)>0,IF('A créer'!B3='A créer'!H3,"",CONCATENATE('A créer'!B3,'A créer'!A3)),""),CONCATENATE('A créer'!B3,'A créer'!A3)) | C3: =IF(OR('A créer'!D3="Oui",LEN('A créer'!D3)=0),IF(AND(LEN('A créer'!B3)>0,'A créer'!B3<>'A créer'!H3)=TRUE,"Tab",""),"Tab") | D3: =IF(OR('A créer'!D3="Oui",LEN('A créer'!D3)=0),IF(AND(LEN('A créer'!B3)>0,'A créer'!B3<>'A créer'!H3)=TRUE,CONCATENATE('A créer'!B3,'A créer'!A3,"-",'A créer'!C3),""),CONCATENATE('A créer'!B3,'A créer'!A3,"-",'A créer'!C3)) | E3: =IF(OR('A créer'!D3="Oui",LEN('A créer'!D3)=0),IF(AND(LEN('A créer'!B3)>0,'A créer'!B3<>'A créer'!H3)=TRUE,"Tab 4",""),"Tab 4") | F3: =IF(OR('A créer'!D3="Oui",LEN('A créer'!D3)=0),IF(AND(LEN('A créer'!B3)>0,'A créer'!B3<>'A créer'!H3)=TRUE,"Tab",""),"Tab") | G3: =IF(OR('A créer'!D3="Oui",LEN('A créer'!D3)=0),IF(AND(LEN('A créer'!B3)>0,'A créer'!B3<>'A créer'!H3)=TRUE,"Tab",""),"Tab") | H3: =IF(OR('A créer'!D3="Oui",LEN('A créer'!D3)=0),IF(AND(LEN('A créer'!B3)>0,'A créer'!B3<>'A créer'!H3)=TRUE,"ENT",""),"ENT") | I3: =IF('A créer'!D3="Oui",IF(AND(LEN('A créer'!B3)>0,'A créer'!B3<>'A créer'!H3)=TRUE,'A créer'!G3,""),'A créer'!G3) | J3: =IF(OR('A créer'!D3="Oui",LEN('A créer'!D3)=0),IF(AND(LEN('A créer'!B3)>0,'A créer'!B3<>'A créer'!H3)=TRUE,"Tab",""),"Tab") | K3: =IF(OR('A créer'!D3="Oui",LEN('A créer'!D3)=0),IF(AND(LEN('A créer'!B3)>0,'A créer'!B3<>'A créer'!H3)=TRUE,"Oui",""),"Oui") | L3: =IF(OR('A créer'!D3="Oui",LEN('A créer'!D3)=0),IF(AND(LEN('A créer'!B3)>0,'A créer'!B3<>'A créer'!H3)=TRUE,"Tab",""),"Tab") | M3: =IF(OR('A créer'!D3="Oui",LEN('A créer'!D3)=0),IF(AND(LEN('A créer'!B3)>0,'A créer'!B3<>'A créer'!H3)=TRUE,'A créer'!E3,""),'A créer'!E3) | N3: =IF(OR('A créer'!D3="Oui",LEN('A créer'!D3)=0),IF(AND(LEN('A créer'!B3)>0,'A créer'!B3<>'A créer'!H3)=TRUE,"ENT",""),"ENT") | O3: =IF(OR('A créer'!D3="Oui",LEN('A créer'!D3)=0),IF(AND(LEN('A créer'!B3)>0,'A créer'!B3<>'A créer'!H3)=TRUE,"*SAVE",""),"*SAVE") | P3: =IF(OR('A créer'!D3="Oui",LEN('A créer'!D3)=0),"","*FN") | Q3: =IF(OR('A créer'!D3="Oui",LEN('A créer'!D3)=0),"",CONCATENATE("XXX",'A créer'!A3)) | R3: =IF(OR('A créer'!D3="Oui",LEN('A créer'!D3)=0),"","Tab") | S3: =IF(OR('A créer'!D3="Oui",LEN('A créer'!D3)=0),"",CONCATENATE("XXX-",'A créer'!C3)) | T3: =IF(OR('A créer'!D3="Oui",LEN('A créer'!D3)=0),"","Tab 4") | U3: =IF(OR('A créer'!D3="Oui",LEN('A créer'!D3)=0),"","Tab") | V3: =IF(OR('A créer'!D3="Oui",LEN('A créer'!D3)=0),"","Tab") | W3: =IF(OR('A créer'!D3="Oui",LEN('A créer'!D3)=0),"","ENT") | X3: =IF(OR('A créer'!D3="Oui",LEN('A créer'!D3)=0),"",'A créer'!G3) | Y3: =IF(OR('A créer'!D3="Oui",LEN('A créer'!D3)=0),"","Tab") | Z3: =IF(OR('A créer'!D3="Oui",LEN('A créer'!D3)=0),"","Oui") | AA3: =IF(OR('A créer'!D3="Oui",LEN('A créer'!D3)=0),"","Tab") | AB3: =IF(OR('A créer'!D3="Oui",LEN('A créer'!D3)=0),"","NON") | AC3: =IF(OR('A créer'!D3="Oui",LEN('A créer'!D3)=0),"","ENT") | AD3: =IF(OR('A créer'!D3="Oui",LEN('A créer'!D3)=0),"","*SAVE") | AE3: =IF(OR('A créer'!D3="Oui",LEN('A créer'!D3)=0),"","*FN") | AF3: =IF(OR('A créer'!D3="Oui",LEN('A créer'!D3)=0),"",'A créer'!A3) | AG3: =IF(OR('A créer'!D3="Oui",LEN('A créer'!D3)=0),"","Tab") | AH3: =IF(OR('A créer'!D3="Oui",LEN('A créer'!D3)=0),"",'A créer'!C3) | AI3: =IF(OR('A créer'!D3="Oui",LEN('A créer'!D3)=0),"","Tab 4") | AJ3: =IF(OR('A créer'!D3="Oui",LEN('A créer'!D3)=0),"","*SB") | AK3: =IF(OR('A créer'!D3="Oui",LEN('A créer'!D3)=0),"","Tab") | AL3: =IF(OR('A créer'!D3="Oui",LEN('A créer'!D3)=0),"","InterCoSte") | AM3: =IF(OR('A créer'!D3="Oui",LEN('A créer'!D3)=0),"","Tab") | AN3: =IF(OR('A créer'!D3="Oui",LEN('A créer'!D3)=0),"","Tab") | AO3: =IF(OR('A créer'!D3="Oui",LEN('A créer'!D3)=0),"","ENT") | AP3: =IF(OR('A créer'!D3="Oui",LEN('A créer'!D3)=0),"","ENT") | AQ3: =IF(OR('A créer'!D3="Oui",LEN('A créer'!D3)=0),"","*SAVE") | AR3: =IF(OR('A créer'!D3="Oui",LEN('A créer'!D3)=0),"","*UP") | AS3: =IF(OR('A créer'!D3="Oui",LEN('A créer'!D3)=0),"","*Aé") | AT3: =IF(OR('A créer'!D3="Oui",LEN('A créer'!D3)=0),"",CONCATENATE('A créer'!B3,'A créer'!A3)) | AU3: =IF(OR('A créer'!D3="Oui",LEN('A créer'!D3)=0),"","Tab") | AV3: =IF(OR('A créer'!D3="Oui",LEN('A créer'!D3)=0),"","*DN") | AW3: =IF(OR('A créer'!D3="Oui",LEN('A créer'!D3)=0),"",CONCATENATE("XXX",'A créer'!A3)) | AX3: =IF(OR('A créer'!D3="Oui",LEN('A créer'!D3)=0),"","Tab") | AY3: =IF(OR('A créer'!D3="Oui",LEN('A créer'!D3)=0),"","*SAVE") | AZ3: =IF(OR('A créer'!D3="Oui",LEN('A créer'!D3)=0),"","*ML(608,125)")
A4: =IF(OR('A créer'!D4="Oui",LEN('A créer'!D4)=0),IF(AND(LEN('A créer'!B4)>0,'A créer'!B4<>'A créer'!H4)=TRUE,"*FN",""),"*FN") | B4: =IF(OR('A créer'!D4="Oui",LEN('A créer'!D4)=0),IF(LEN('A créer'!B4)>0,IF('A créer'!B4='A créer'!H4,"",CONCATENATE('A créer'!B4,'A créer'!A4)),""),CONCATENATE('A créer'!B4,'A créer'!A4)) | C4: =IF(OR('A créer'!D4="Oui",LEN('A créer'!D4)=0),IF(AND(LEN('A créer'!B4)>0,'A créer'!B4<>'A créer'!H4)=TRUE,"Tab",""),"Tab") | D4: =IF(OR('A créer'!D4="Oui",LEN('A créer'!D4)=0),IF(AND(LEN('A créer'!B4)>0,'A créer'!B4<>'A créer'!H4)=TRUE,CONCATENATE('A créer'!B4,'A créer'!A4,"-",'A créer'!C4),""),CONCATENATE('A créer'!B4,'A créer'!A4,"-",'A créer'!C4)) | E4: =IF(OR('A créer'!D4="Oui",LEN('A créer'!D4)=0),IF(AND(LEN('A créer'!B4)>0,'A créer'!B4<>'A créer'!H4)=TRUE,"Tab 4",""),"Tab 4") | F4: =IF(OR('A créer'!D4="Oui",LEN('A créer'!D4)=0),IF(AND(LEN('A créer'!B4)>0,'A créer'!B4<>'A créer'!H4)=TRUE,"Tab",""),"Tab") | G4: =IF(OR('A créer'!D4="Oui",LEN('A créer'!D4)=0),IF(AND(LEN('A créer'!B4)>0,'A créer'!B4<>'A créer'!H4)=TRUE,"Tab",""),"Tab") | H4: =IF(OR('A créer'!D4="Oui",LEN('A créer'!D4)=0),IF(AND(LEN('A créer'!B4)>0,'A créer'!B4<>'A créer'!H4)=TRUE,"ENT",""),"ENT") | I4: =IF('A créer'!D4="Oui",IF(AND(LEN('A créer'!B4)>0,'A créer'!B4<>'A créer'!H4)=TRUE,'A créer'!G4,""),'A créer'!G4) | J4: =IF(OR('A créer'!D4="Oui",LEN('A créer'!D4)=0),IF(AND(LEN('A créer'!B4)>0,'A créer'!B4<>'A créer'!H4)=TRUE,"Tab",""),"Tab") | K4: =IF(OR('A créer'!D4="Oui",LEN('A créer'!D4)=0),IF(AND(LEN('A créer'!B4)>0,'A créer'!B4<>'A créer'!H4)=TRUE,"Oui",""),"Oui") | L4: =IF(OR('A créer'!D4="Oui",LEN('A créer'!D4)=0),IF(AND(LEN('A créer'!B4)>0,'A créer'!B4<>'A créer'!H4)=TRUE,"Tab",""),"Tab") | M4: =IF(OR('A créer'!D4="Oui",LEN('A créer'!D4)=0),IF(AND(LEN('A créer'!B4)>0,'A créer'!B4<>'A créer'!H4)=TRUE,'A créer'!E4,""),'A créer'!E4) | N4: =IF(OR('A créer'!D4="Oui",LEN('A créer'!D4)=0),IF(AND(LEN('A créer'!B4)>0,'A créer'!B4<>'A créer'!H4)=TRUE,"ENT",""),"ENT") | O4: =IF(OR('A créer'!D4="Oui",LEN('A créer'!D4)=0),IF(AND(LEN('A créer'!B4)>0,'A créer'!B4<>'A créer'!H4)=TRUE,"*SAVE",""),"*SAVE") | P4: =IF(OR('A créer'!D4="Oui",LEN('A créer'!D4)=0),"","*FN") | Q4: =IF(OR('A créer'!D4="Oui",LEN('A créer'!D4)=0),"",CONCATENATE("XXX",'A créer'!A4)) | R4: =IF(OR('A créer'!D4="Oui",LEN('A créer'!D4)=0),"","Tab") | S4: =IF(OR('A créer'!D4="Oui",LEN('A créer'!D4)=0),"",CONCATENATE("XXX-",'A créer'!C4)) | T4: =IF(OR('A créer'!D4="Oui",LEN('A créer'!D4)=0),"","Tab 4") | U4: =IF(OR('A créer'!D4="Oui",LEN('A créer'!D4)=0),"","Tab") | V4: =IF(OR('A créer'!D4="Oui",LEN('A créer'!D4)=0),"","Tab") | W4: =IF(OR('A créer'!D4="Oui",LEN('A créer'!D4)=0),"","ENT") | X4: =IF(OR('A créer'!D4="Oui",LEN('A créer'!D4)=0),"",'A créer'!G4) | Y4: =IF(OR('A créer'!D4="Oui",LEN('A créer'!D4)=0),"","Tab") | Z4: =IF(OR('A créer'!D4="Oui",LEN('A créer'!D4)=0),"","Oui") | AA4: =IF(OR('A créer'!D4="Oui",LEN('A créer'!D4)=0),"","Tab") | AB4: =IF(OR('A créer'!D4="Oui",LEN('A créer'!D4)=0),"","NON") | AC4: =IF(OR('A créer'!D4="Oui",LEN('A créer'!D4)=0),"","ENT") | AD4: =IF(OR('A créer'!D4="Oui",LEN('A créer'!D4)=0),"","*SAVE") | AE4: =IF(OR('A créer'!D4="Oui",LEN('A créer'!D4)=0),"","*FN") | AF4: =IF(OR('A créer'!D4="Oui",LEN('A créer'!D4)=0),"",'A créer'!A4) | AG4: =IF(OR('A créer'!D4="Oui",LEN('A créer'!D4)=0),"","Tab") | AH4: =IF(OR('A créer'!D4="Oui",LEN('A créer'!D4)=0),"",'A créer'!C4) | AI4: =IF(OR('A créer'!D4="Oui",LEN('A créer'!D4)=0),"","Tab 4") | AJ4: =IF(OR('A créer'!D4="Oui",LEN('A créer'!D4)=0),"","*SB") | AK4: =IF(OR('A créer'!D4="Oui",LEN('A créer'!D4)=0),"","Tab") | AL4: =IF(OR('A créer'!D4="Oui",LEN('A créer'!D4)=0),"","InterCoSte") | AM4: =IF(OR('A créer'!D4="Oui",LEN('A créer'!D4)=0),"","Tab") | AN4: =IF(OR('A créer'!D4="Oui",LEN('A créer'!D4)=0),"","Tab") | AO4: =IF(OR('A créer'!D4="Oui",LEN('A créer'!D4)=0),"","ENT") | AP4: =IF(OR('A créer'!D4="Oui",LEN('A créer'!D4)=0),"","ENT") | AQ4: =IF(OR('A créer'!D4="Oui",LEN('A créer'!D4)=0),"","*SAVE") | AR4: =IF(OR('A créer'!D4="Oui",LEN('A créer'!D4)=0),"","*UP") | AS4: =IF(OR('A créer'!D4="Oui",LEN('A créer'!D4)=0),"","*Aé") | AT4: =IF(OR('A créer'!D4="Oui",LEN('A créer'!D4)=0),"",CONCATENATE('A créer'!B4,'A créer'!A4)) | AU4: =IF(OR('A créer'!D4="Oui",LEN('A créer'!D4)=0),"","Tab") | AV4: =IF(OR('A créer'!D4="Oui",LEN('A créer'!D4)=0),"","*DN") | AW4: =IF(OR('A créer'!D4="Oui",LEN('A créer'!D4)=0),"",CONCATENATE("XXX",'A créer'!A4)) | AX4: =IF(OR('A créer'!D4="Oui",LEN('A créer'!D4)=0),"","Tab") | AY4: =IF(OR('A créer'!D4="Oui",LEN('A créer'!D4)=0),"","*SAVE") | AZ4: =IF(OR('A créer'!D4="Oui",LEN('A créer'!D4)=0),"","*ML(608,125)")
A5: =IF(OR('A créer'!D5="Oui",LEN('A créer'!D5)=0),IF(AND(LEN('A créer'!B5)>0,'A créer'!B5<>'A créer'!H5)=TRUE,"*FN",""),"*FN") | B5: =IF(OR('A créer'!D5="Oui",LEN('A créer'!D5)=0),IF(LEN('A créer'!B5)>0,IF('A créer'!B5='A créer'!H5,"",CONCATENATE('A créer'!B5,'A créer'!A5)),""),CONCATENATE('A créer'!B5,'A créer'!A5)) | C5: =IF(OR('A créer'!D5="Oui",LEN('A créer'!D5)=0),IF(AND(LEN('A créer'!B5)>0,'A créer'!B5<>'A créer'!H5)=TRUE,"Tab",""),"Tab") | D5: =IF(OR('A créer'!D5="Oui",LEN('A créer'!D5)=0),IF(AND(LEN('A créer'!B5)>0,'A créer'!B5<>'A créer'!H5)=TRUE,CONCATENATE('A créer'!B5,'A créer'!A5,"-",'A créer'!C5),""),CONCATENATE('A créer'!B5,'A créer'!A5,"-",'A créer'!C5)) | E5: =IF(OR('A créer'!D5="Oui",LEN('A créer'!D5)=0),IF(AND(LEN('A créer'!B5)>0,'A créer'!B5<>'A créer'!H5)=TRUE,"Tab 4",""),"Tab 4") | F5: =IF(OR('A créer'!D5="Oui",LEN('A créer'!D5)=0),IF(AND(LEN('A créer'!B5)>0,'A créer'!B5<>'A créer'!H5)=TRUE,"Tab",""),"Tab") | G5: =IF(OR('A créer'!D5="Oui",LEN('A créer'!D5)=0),IF(AND(LEN('A créer'!B5)>0,'A créer'!B5<>'A créer'!H5)=TRUE,"Tab",""),"Tab") | H5: =IF(OR('A créer'!D5="Oui",LEN('A créer'!D5)=0),IF(AND(LEN('A créer'!B5)>0,'A créer'!B5<>'A créer'!H5)=TRUE,"ENT",""),"ENT") | I5: =IF('A créer'!D5="Oui",IF(AND(LEN('A créer'!B5)>0,'A créer'!B5<>'A créer'!H5)=TRUE,'A créer'!G5,""),'A créer'!G5) -> 0 | J5: =IF(OR('A créer'!D5="Oui",LEN('A créer'!D5)=0),IF(AND(LEN('A créer'!B5)>0,'A créer'!B5<>'A créer'!H5)=TRUE,"Tab",""),"Tab") | K5: =IF(OR('A créer'!D5="Oui",LEN('A créer'!D5)=0),IF(AND(LEN('A créer'!B5)>0,'A créer'!B5<>'A créer'!H5)=TRUE,"Oui",""),"Oui") | L5: =IF(OR('A créer'!D5="Oui",LEN('A créer'!D5)=0),IF(AND(LEN('A créer'!B5)>0,'A créer'!B5<>'A créer'!H5)=TRUE,"Tab",""),"Tab") | M5: =IF(OR('A créer'!D5="Oui",LEN('A créer'!D5)=0),IF(AND(LEN('A créer'!B5)>0,'A créer'!B5<>'A créer'!H5)=TRUE,'A créer'!E5,""),'A créer'!E5) | N5: =IF(OR('A créer'!D5="Oui",LEN('A créer'!D5)=0),IF(AND(LEN('A créer'!B5)>0,'A créer'!B5<>'A créer'!H5)=TRUE,"ENT",""),"ENT") | O5: =IF(OR('A créer'!D5="Oui",LEN('A créer'!D5)=0),IF(AND(LEN('A créer'!B5)>0,'A créer'!B5<>'A créer'!H5)=TRUE,"*SAVE",""),"*SAVE") | P5: =IF(OR('A créer'!D5="Oui",LEN('A créer'!D5)=0),"","*FN") | Q5: =IF(OR('A créer'!D5="Oui",LEN('A créer'!D5)=0),"",CONCATENATE("XXX",'A créer'!A5)) | R5: =IF(OR('A créer'!D5="Oui",LEN('A créer'!D5)=0),"","Tab") | S5: =IF(OR('A créer'!D5="Oui",LEN('A créer'!D5)=0),"",CONCATENATE("XXX-",'A créer'!C5)) | T5: =IF(OR('A créer'!D5="Oui",LEN('A créer'!D5)=0),"","Tab 4") | U5: =IF(OR('A créer'!D5="Oui",LEN('A créer'!D5)=0),"","Tab") | V5: =IF(OR('A créer'!D5="Oui",LEN('A créer'!D5)=0),"","Tab") | W5: =IF(OR('A créer'!D5="Oui",LEN('A créer'!D5)=0),"","ENT") | X5: =IF(OR('A créer'!D5="Oui",LEN('A créer'!D5)=0),"",'A créer'!G5) | Y5: =IF(OR('A créer'!D5="Oui",LEN('A créer'!D5)=0),"","Tab") | Z5: =IF(OR('A créer'!D5="Oui",LEN('A créer'!D5)=0),"","Oui") | AA5: =IF(OR('A créer'!D5="Oui",LEN('A créer'!D5)=0),"","Tab") | AB5: =IF(OR('A créer'!D5="Oui",LEN('A créer'!D5)=0),"","NON") | AC5: =IF(OR('A créer'!D5="Oui",LEN('A créer'!D5)=0),"","ENT") | AD5: =IF(OR('A créer'!D5="Oui",LEN('A créer'!D5)=0),"","*SAVE") | AE5: =IF(OR('A créer'!D5="Oui",LEN('A créer'!D5)=0),"","*FN") | AF5: =IF(OR('A créer'!D5="Oui",LEN('A créer'!D5)=0),"",'A créer'!A5) | AG5: =IF(OR('A créer'!D5="Oui",LEN('A créer'!D5)=0),"","Tab") | AH5: =IF(OR('A créer'!D5="Oui",LEN('A créer'!D5)=0),"",'A créer'!C5) | AI5: =IF(OR('A créer'!D5="Oui",LEN('A créer'!D5)=0),"","Tab 4") | AJ5: =IF(OR('A créer'!D5="Oui",LEN('A créer'!D5)=0),"","*SB") | AK5: =IF(OR('A créer'!D5="Oui",LEN('A créer'!D5)=0),"","Tab") | AL5: =IF(OR('A créer'!D5="Oui",LEN('A créer'!D5)=0),"","InterCoSte") | AM5: =IF(OR('A créer'!D5="Oui",LEN('A créer'!D5)=0),"","Tab") | AN5: =IF(OR('A créer'!D5="Oui",LEN('A créer'!D5)=0),"","Tab") | AO5: =IF(OR('A créer'!D5="Oui",LEN('A créer'!D5)=0),"","ENT") | AP5: =IF(OR('A créer'!D5="Oui",LEN('A créer'!D5)=0),"","ENT") | AQ5: =IF(OR('A créer'!D5="Oui",LEN('A créer'!D5)=0),"","*SAVE") | AR5: =IF(OR('A créer'!D5="Oui",LEN('A créer'!D5)=0),"","*UP") | AS5: =IF(OR('A créer'!D5="Oui",LEN('A créer'!D5)=0),"","*Aé") | AT5: =IF(OR('A créer'!D5="Oui",LEN('A créer'!D5)=0),"",CONCATENATE('A créer'!B5,'A créer'!A5)) | AU5: =IF(OR('A créer'!D5="Oui",LEN('A créer'!D5)=0),"","Tab") | AV5: =IF(OR('A créer'!D5="Oui",LEN('A créer'!D5)=0),"","*DN") | AW5: =IF(OR('A créer'!D5="Oui",LEN('A créer'!D5)=0),"",CONCATENATE("XXX",'A créer'!A5)) | AX5: =IF(OR('A créer'!D5="Oui",LEN('A créer'!D5)=0),"","Tab") | AY5: =IF(OR('A créer'!D5="Oui",LEN('A créer'!D5)=0),"","*SAVE") | AZ5: =IF(OR('A créer'!D5="Oui",LEN('A créer'!D5)=0),"","*ML(608,125)")
A6: =IF(OR('A créer'!D6="Oui",LEN('A créer'!D6)=0),IF(AND(LEN('A créer'!B6)>0,'A créer'!B6<>'A créer'!H6)=TRUE,"*FN",""),"*FN") -> *FN | B6: =IF(OR('A créer'!D6="Oui",LEN('A créer'!D6)=0),IF(LEN('A créer'!B6)>0,IF('A créer'!B6='A créer'!H6,"",CONCATENATE('A créer'!B6,'A créer'!A6)),""),CONCATENATE('A créer'!B6,'A créer'!A6)) -> DRW0401 | C6: =IF(OR('A créer'!D6="Oui",LEN('A créer'!D6)=0),IF(AND(LEN('A créer'!B6)>0,'A créer'!B6<>'A créer'!H6)=TRUE,"Tab",""),"Tab") -> Tab | D6: =IF(OR('A créer'!D6="Oui",LEN('A créer'!D6)=0),IF(AND(LEN('A créer'!B6)>0,'A créer'!B6<>'A créer'!H6)=TRUE,CONCATENATE('A créer'!B6,'A créer'!A6,"-",'A créer'!C6),""),CONCATENATE('A créer'!B6,'A créer'!A6,"-",'A créer'!C6)) -> DRW0401-SOCIETE VALMY DEFENSE 101 | E6: =IF(OR('A créer'!D6="Oui",LEN('A créer'!D6)=0),IF(AND(LEN('A créer'!B6)>0,'A créer'!B6<>'A créer'!H6)=TRUE,"Tab 4",""),"Tab 4") -> Tab 4 | F6: =IF(OR('A créer'!D6="Oui",LEN('A créer'!D6)=0),IF(AND(LEN('A créer'!B6)>0,'A créer'!B6<>'A créer'!H6)=TRUE,"Tab",""),"Tab") -> Tab | G6: =IF(OR('A créer'!D6="Oui",LEN('A créer'!D6)=0),IF(AND(LEN('A créer'!B6)>0,'A créer'!B6<>'A créer'!H6)=TRUE,"Tab",""),"Tab") -> Tab | H6: =IF(OR('A créer'!D6="Oui",LEN('A créer'!D6)=0),IF(AND(LEN('A créer'!B6)>0,'A créer'!B6<>'A créer'!H6)=TRUE,"ENT",""),"ENT") -> ENT | I6: =IF('A créer'!D6="Oui",IF(AND(LEN('A créer'!B6)>0,'A créer'!B6<>'A créer'!H6)=TRUE,'A créer'!G6,""),'A créer'!G6) -> S0101 | J6: =IF(OR('A créer'!D6="Oui",LEN('A créer'!D6)=0),IF(AND(LEN('A créer'!B6)>0,'A créer'!B6<>'A créer'!H6)=TRUE,"Tab",""),"Tab") -> Tab | K6: =IF(OR('A créer'!D6="Oui",LEN('A créer'!D6)=0),IF(AND(LEN('A créer'!B6)>0,'A créer'!B6<>'A créer'!H6)=TRUE,"Oui",""),"Oui") -> Oui | L6: =IF(OR('A créer'!D6="Oui",LEN('A créer'!D6)=0),IF(AND(LEN('A créer'!B6)>0,'A créer'!B6<>'A créer'!H6)=TRUE,"Tab",""),"Tab") -> Tab | M6: =IF(OR('A créer'!D6="Oui",LEN('A créer'!D6)=0),IF(AND(LEN('A créer'!B6)>0,'A créer'!B6<>'A créer'!H6)=TRUE,'A créer'!E6,""),'A créer'!E6) -> Non | N6: =IF(OR('A créer'!D6="Oui",LEN('A créer'!D6)=0),IF(AND(LEN('A créer'!B6)>0,'A créer'!B6<>'A créer'!H6)=TRUE,"ENT",""),"ENT") -> ENT | O6: =IF(OR('A créer'!D6="Oui",LEN('A créer'!D6)=0),IF(AND(LEN('A créer'!B6)>0,'A créer'!B6<>'A créer'!H6)=TRUE,"*SAVE",""),"*SAVE") -> *SAVE | P6: =IF(OR('A créer'!D6="Oui",LEN('A créer'!D6)=0),"","*FN") -> *FN | Q6: =IF(OR('A créer'!D6="Oui",LEN('A créer'!D6)=0),"",CONCATENATE("XXX",'A créer'!A6)) -> XXX0401 | R6: =IF(OR('A créer'!D6="Oui",LEN('A créer'!D6)=0),"","Tab") -> Tab | S6: =IF(OR('A créer'!D6="Oui",LEN('A créer'!D6)=0),"",CONCATENATE("XXX-",'A créer'!C6)) -> XXX-SOCIETE VALMY DEFENSE 101 | T6: =IF(OR('A créer'!D6="Oui",LEN('A créer'!D6)=0),"","Tab 4") -> Tab 4 | U6: =IF(OR('A créer'!D6="Oui",LEN('A créer'!D6)=0),"","Tab") -> Tab | V6: =IF(OR('A créer'!D6="Oui",LEN('A créer'!D6)=0),"","Tab") -> Tab | W6: =IF(OR('A créer'!D6="Oui",LEN('A créer'!D6)=0),"","ENT") -> ENT | X6: =IF(OR('A créer'!D6="Oui",LEN('A créer'!D6)=0),"",'A créer'!G6) -> S0101 | Y6: =IF(OR('A créer'!D6="Oui",LEN('A créer'!D6)=0),"","Tab") -> Tab | Z6: =IF(OR('A créer'!D6="Oui",LEN('A créer'!D6)=0),"","Oui") -> Oui | AA6: =IF(OR('A créer'!D6="Oui",LEN('A créer'!D6)=0),"","Tab") -> Tab | AB6: =IF(OR('A créer'!D6="Oui",LEN('A créer'!D6)=0),"","NON") -> NON | AC6: =IF(OR('A créer'!D6="Oui",LEN('A créer'!D6)=0),"","ENT") -> ENT | AD6: =IF(OR('A créer'!D6="Oui",LEN('A créer'!D6)=0),"","*SAVE") -> *SAVE | AE6: =IF(OR('A créer'!D6="Oui",LEN('A créer'!D6)=0),"","*FN") -> *FN | AF6: =IF(OR('A créer'!D6="Oui",LEN('A créer'!D6)=0),"",'A créer'!A6) -> 0401 | AG6: =IF(OR('A créer'!D6="Oui",LEN('A créer'!D6)=0),"","Tab") -> Tab | AH6: =IF(OR('A créer'!D6="Oui",LEN('A créer'!D6)=0),"",'A créer'!C6) -> SOCIETE VALMY DEFENSE 101 | AI6: =IF(OR('A créer'!D6="Oui",LEN('A créer'!D6)=0),"","Tab 4") -> Tab 4 | AJ6: =IF(OR('A créer'!D6="Oui",LEN('A créer'!D6)=0),"","*SB") -> *SB | AK6: =IF(OR('A créer'!D6="Oui",LEN('A créer'!D6)=0),"","Tab") -> Tab | AL6: =IF(OR('A créer'!D6="Oui",LEN('A créer'!D6)=0),"","InterCoSte") -> InterCoSte | AM6: =IF(OR('A créer'!D6="Oui",LEN('A créer'!D6)=0),"","Tab") -> Tab | AN6: =IF(OR('A créer'!D6="Oui",LEN('A créer'!D6)=0),"","Tab") -> Tab | AO6: =IF(OR('A créer'!D6="Oui",LEN('A créer'!D6)=0),"","ENT") -> ENT | AP6: =IF(OR('A créer'!D6="Oui",LEN('A créer'!D6)=0),"","ENT") -> ENT | AQ6: =IF(OR('A créer'!D6="Oui",LEN('A créer'!D6)=0),"","*SAVE") -> *SAVE | AR6: =IF(OR('A créer'!D6="Oui",LEN('A créer'!D6)=0),"","*UP") -> *UP | AS6: =IF(OR('A créer'!D6="Oui",LEN('A créer'!D6)=0),"","*Aé") -> *Aé | AT6: =IF(OR('A créer'!D6="Oui",LEN('A créer'!D6)=0),"",CONCATENATE('A créer'!B6,'A créer'!A6)) -> DRW0401 | AU6: =IF(OR('A créer'!D6="Oui",LEN('A créer'!D6)=0),"","Tab") -> Tab | AV6: =IF(OR('A créer'!D6="Oui",LEN('A créer'!D6)=0),"","*DN") -> *DN | AW6: =IF(OR('A créer'!D6="Oui",LEN('A créer'!D6)=0),"",CONCATENATE("XXX",'A créer'!A6)) -> XXX0401 | AX6: =IF(OR('A créer'!D6="Oui",LEN('A créer'!D6)=0),"","Tab") -> Tab | AY6: =IF(OR('A créer'!D6="Oui",LEN('A créer'!D6)=0),"","*SAVE") -> *SAVE | AZ6: =IF(OR('A créer'!D6="Oui",LEN('A créer'!D6)=0),"","*ML(608,125)") -> *ML(608,125)
A7: =IF(OR('A créer'!D7="Oui",LEN('A créer'!D7)=0),IF(AND(LEN('A créer'!B7)>0,'A créer'!B7<>'A créer'!H7)=TRUE,"*FN",""),"*FN") | B7: =IF(OR('A créer'!D7="Oui",LEN('A créer'!D7)=0),IF(LEN('A créer'!B7)>0,IF('A créer'!B7='A créer'!H7,"",CONCATENATE('A créer'!B7,'A créer'!A7)),""),CONCATENATE('A créer'!B7,'A créer'!A7)) | C7: =IF(OR('A créer'!D7="Oui",LEN('A créer'!D7)=0),IF(AND(LEN('A créer'!B7)>0,'A créer'!B7<>'A créer'!H7)=TRUE,"Tab",""),"Tab") | D7: =IF(OR('A créer'!D7="Oui",LEN('A créer'!D7)=0),IF(AND(LEN('A créer'!B7)>0,'A créer'!B7<>'A créer'!H7)=TRUE,CONCATENATE('A créer'!B7,'A créer'!A7,"-",'A créer'!C7),""),CONCATENATE('A créer'!B7,'A créer'!A7,"-",'A créer'!C7)) | E7: =IF(OR('A créer'!D7="Oui",LEN('A créer'!D7)=0),IF(AND(LEN('A créer'!B7)>0,'A créer'!B7<>'A créer'!H7)=TRUE,"Tab 4",""),"Tab 4") | F7: =IF(OR('A créer'!D7="Oui",LEN('A créer'!D7)=0),IF(AND(LEN('A créer'!B7)>0,'A créer'!B7<>'A créer'!H7)=TRUE,"Tab",""),"Tab") | G7: =IF(OR('A créer'!D7="Oui",LEN('A créer'!D7)=0),IF(AND(LEN('A créer'!B7)>0,'A créer'!B7<>'A créer'!H7)=TRUE,"Tab",""),"Tab") | H7: =IF(OR('A créer'!D7="Oui",LEN('A créer'!D7)=0),IF(AND(LEN('A créer'!B7)>0,'A créer'!B7<>'A créer'!H7)=TRUE,"ENT",""),"ENT") | I7: =IF('A créer'!D7="Oui",IF(AND(LEN('A créer'!B7)>0,'A créer'!B7<>'A créer'!H7)=TRUE,'A créer'!G7,""),'A créer'!G7) | J7: =IF(OR('A créer'!D7="Oui",LEN('A créer'!D7)=0),IF(AND(LEN('A créer'!B7)>0,'A créer'!B7<>'A créer'!H7)=TRUE,"Tab",""),"Tab") | K7: =IF(OR('A créer'!D7="Oui",LEN('A créer'!D7)=0),IF(AND(LEN('A créer'!B7)>0,'A créer'!B7<>'A créer'!H7)=TRUE,"Oui",""),"Oui") | L7: =IF(OR('A créer'!D7="Oui",LEN('A créer'!D7)=0),IF(AND(LEN('A créer'!B7)>0,'A créer'!B7<>'A créer'!H7)=TRUE,"Tab",""),"Tab") | M7: =IF(OR('A créer'!D7="Oui",LEN('A créer'!D7)=0),IF(AND(LEN('A créer'!B7)>0,'A créer'!B7<>'A créer'!H7)=TRUE,'A créer'!E7,""),'A créer'!E7) | N7: =IF(OR('A créer'!D7="Oui",LEN('A créer'!D7)=0),IF(AND(LEN('A créer'!B7)>0,'A créer'!B7<>'A créer'!H7)=TRUE,"ENT",""),"ENT") | O7: =IF(OR('A créer'!D7="Oui",LEN('A créer'!D7)=0),IF(AND(LEN('A créer'!B7)>0,'A créer'!B7<>'A créer'!H7)=TRUE,"*SAVE",""),"*SAVE") | P7: =IF(OR('A créer'!D7="Oui",LEN('A créer'!D7)=0),"","*FN") | Q7: =IF(OR('A créer'!D7="Oui",LEN('A créer'!D7)=0),"",CONCATENATE("XXX",'A créer'!A7)) | R7: =IF(OR('A créer'!D7="Oui",LEN('A créer'!D7)=0),"","Tab") | S7: =IF(OR('A créer'!D7="Oui",LEN('A créer'!D7)=0),"",CONCATENATE("XXX-",'A créer'!C7)) | T7: =IF(OR('A créer'!D7="Oui",LEN('A créer'!D7)=0),"","Tab 4") | U7: =IF(OR('A créer'!D7="Oui",LEN('A créer'!D7)=0),"","Tab") | V7: =IF(OR('A créer'!D7="Oui",LEN('A créer'!D7)=0),"","Tab") | W7: =IF(OR('A créer'!D7="Oui",LEN('A créer'!D7)=0),"","ENT") | X7: =IF(OR('A créer'!D7="Oui",LEN('A créer'!D7)=0),"",'A créer'!G7) | Y7: =IF(OR('A créer'!D7="Oui",LEN('A créer'!D7)=0),"","Tab") | Z7: =IF(OR('A créer'!D7="Oui",LEN('A créer'!D7)=0),"","Oui") | AA7: =IF(OR('A créer'!D7="Oui",LEN('A créer'!D7)=0),"","Tab") | AB7: =IF(OR('A créer'!D7="Oui",LEN('A créer'!D7)=0),"","NON") | AC7: =IF(OR('A créer'!D7="Oui",LEN('A créer'!D7)=0),"","ENT") | AD7: =IF(OR('A créer'!D7="Oui",LEN('A créer'!D7)=0),"","*SAVE") | AE7: =IF(OR('A créer'!D7="Oui",LEN('A créer'!D7)=0),"","*FN") | AF7: =IF(OR('A créer'!D7="Oui",LEN('A créer'!D7)=0),"",'A créer'!A7) | AG7: =IF(OR('A créer'!D7="Oui",LEN('A créer'!D7)=0),"","Tab") | AH7: =IF(OR('A créer'!D7="Oui",LEN('A créer'!D7)=0),"",'A créer'!C7) | AI7: =IF(OR('A créer'!D7="Oui",LEN('A créer'!D7)=0),"","Tab 4") | AJ7: =IF(OR('A créer'!D7="Oui",LEN('A créer'!D7)=0),"","*SB") | AK7: =IF(OR('A créer'!D7="Oui",LEN('A créer'!D7)=0),"","Tab") | AL7: =IF(OR('A créer'!D7="Oui",LEN('A créer'!D7)=0),"","InterCoSte") | AM7: =IF(OR('A créer'!D7="Oui",LEN('A créer'!D7)=0),"","Tab") | AN7: =IF(OR('A créer'!D7="Oui",LEN('A créer'!D7)=0),"","Tab") | AO7: =IF(OR('A créer'!D7="Oui",LEN('A créer'!D7)=0),"","ENT") | AP7: =IF(OR('A créer'!D7="Oui",LEN('A créer'!D7)=0),"","ENT") | AQ7: =IF(OR('A créer'!D7="Oui",LEN('A créer'!D7)=0),"","*SAVE") | AR7: =IF(OR('A créer'!D7="Oui",LEN('A créer'!D7)=0),"","*UP") | AS7: =IF(OR('A créer'!D7="Oui",LEN('A créer'!D7)=0),"","*Aé") | AT7: =IF(OR('A créer'!D7="Oui",LEN('A créer'!D7)=0),"",CONCATENATE('A créer'!B7,'A créer'!A7)) | AU7: =IF(OR('A créer'!D7="Oui",LEN('A créer'!D7)=0),"","Tab") | AV7: =IF(OR('A créer'!D7="Oui",LEN('A créer'!D7)=0),"","*DN") | AW7: =IF(OR('A créer'!D7="Oui",LEN('A créer'!D7)=0),"",CONCATENATE("XXX",'A créer'!A7)) | AX7: =IF(OR('A créer'!D7="Oui",LEN('A créer'!D7)=0),"","Tab") | AY7: =IF(OR('A créer'!D7="Oui",LEN('A créer'!D7)=0),"","*SAVE") | AZ7: =IF(OR('A créer'!D7="Oui",LEN('A créer'!D7)=0),"","*ML(608,125)")
A8: =IF(OR('A créer'!D8="Oui",LEN('A créer'!D8)=0),IF(AND(LEN('A créer'!B8)>0,'A créer'!B8<>'A créer'!H8)=TRUE,"*FN",""),"*FN") | B8: =IF(OR('A créer'!D8="Oui",LEN('A créer'!D8)=0),IF(LEN('A créer'!B8)>0,IF('A créer'!B8='A créer'!H8,"",CONCATENATE('A créer'!B8,'A créer'!A8)),""),CONCATENATE('A créer'!B8,'A créer'!A8)) | C8: =IF(OR('A créer'!D8="Oui",LEN('A créer'!D8)=0),IF(AND(LEN('A créer'!B8)>0,'A créer'!B8<>'A créer'!H8)=TRUE,"Tab",""),"Tab") | D8: =IF(OR('A créer'!D8="Oui",LEN('A créer'!D8)=0),IF(AND(LEN('A créer'!B8)>0,'A créer'!B8<>'A créer'!H8)=TRUE,CONCATENATE('A créer'!B8,'A créer'!A8,"-",'A créer'!C8),""),CONCATENATE('A créer'!B8,'A créer'!A8,"-",'A créer'!C8)) | E8: =IF(OR('A créer'!D8="Oui",LEN('A créer'!D8)=0),IF(AND(LEN('A créer'!B8)>0,'A créer'!B8<>'A créer'!H8)=TRUE,"Tab 4",""),"Tab 4") | F8: =IF(OR('A créer'!D8="Oui",LEN('A créer'!D8)=0),IF(AND(LEN('A créer'!B8)>0,'A créer'!B8<>'A créer'!H8)=TRUE,"Tab",""),"Tab") | G8: =IF(OR('A créer'!D8="Oui",LEN('A créer'!D8)=0),IF(AND(LEN('A créer'!B8)>0,'A créer'!B8<>'A créer'!H8)=TRUE,"Tab",""),"Tab") | H8: =IF(OR('A créer'!D8="Oui",LEN('A créer'!D8)=0),IF(AND(LEN('A créer'!B8)>0,'A créer'!B8<>'A créer'!H8)=TRUE,"ENT",""),"ENT") | I8: =IF('A créer'!D8="Oui",IF(AND(LEN('A créer'!B8)>0,'A créer'!B8<>'A créer'!H8)=TRUE,'A créer'!G8,""),'A créer'!G8) -> 0 | J8: =IF(OR('A créer'!D8="Oui",LEN('A créer'!D8)=0),IF(AND(LEN('A créer'!B8)>0,'A créer'!B8<>'A créer'!H8)=TRUE,"Tab",""),"Tab") | K8: =IF(OR('A créer'!D8="Oui",LEN('A créer'!D8)=0),IF(AND(LEN('A créer'!B8)>0,'A créer'!B8<>'A créer'!H8)=TRUE,"Oui",""),"Oui") | L8: =IF(OR('A créer'!D8="Oui",LEN('A créer'!D8)=0),IF(AND(LEN('A créer'!B8)>0,'A créer'!B8<>'A créer'!H8)=TRUE,"Tab",""),"Tab") | M8: =IF(OR('A créer'!D8="Oui",LEN('A créer'!D8)=0),IF(AND(LEN('A créer'!B8)>0,'A créer'!B8<>'A créer'!H8)=TRUE,'A créer'!E8,""),'A créer'!E8) | N8: =IF(OR('A créer'!D8="Oui",LEN('A créer'!D8)=0),IF(AND(LEN('A créer'!B8)>0,'A créer'!B8<>'A créer'!H8)=TRUE,"ENT",""),"ENT") | O8: =IF(OR('A créer'!D8="Oui",LEN('A créer'!D8)=0),IF(AND(LEN('A créer'!B8)>0,'A créer'!B8<>'A créer'!H8)=TRUE,"*SAVE",""),"*SAVE") | P8: =IF(OR('A créer'!D8="Oui",LEN('A créer'!D8)=0),"","*FN") | Q8: =IF(OR('A créer'!D8="Oui",LEN('A créer'!D8)=0),"",CONCATENATE("XXX",'A créer'!A8)) | R8: =IF(OR('A créer'!D8="Oui",LEN('A créer'!D8)=0),"","Tab") | S8: =IF(OR('A créer'!D8="Oui",LEN('A créer'!D8)=0),"",CONCATENATE("XXX-",'A créer'!C8)) | T8: =IF(OR('A créer'!D8="Oui",LEN('A créer'!D8)=0),"","Tab 4") | U8: =IF(OR('A créer'!D8="Oui",LEN('A créer'!D8)=0),"","Tab") | V8: =IF(OR('A créer'!D8="Oui",LEN('A créer'!D8)=0),"","Tab") | W8: =IF(OR('A créer'!D8="Oui",LEN('A créer'!D8)=0),"","ENT") | X8: =IF(OR('A créer'!D8="Oui",LEN('A créer'!D8)=0),"",'A créer'!G8) | Y8: =IF(OR('A créer'!D8="Oui",LEN('A créer'!D8)=0),"","Tab") | Z8: =IF(OR('A créer'!D8="Oui",LEN('A créer'!D8)=0),"","Oui") | AA8: =IF(OR('A créer'!D8="Oui",LEN('A créer'!D8)=0),"","Tab") | AB8: =IF(OR('A créer'!D8="Oui",LEN('A créer'!D8)=0),"","NON") | AC8: =IF(OR('A créer'!D8="Oui",LEN('A créer'!D8)=0),"","ENT") | AD8: =IF(OR('A créer'!D8="Oui",LEN('A créer'!D8)=0),"","*SAVE") | AE8: =IF(OR('A créer'!D8="Oui",LEN('A créer'!D8)=0),"","*FN") | AF8: =IF(OR('A créer'!D8="Oui",LEN('A créer'!D8)=0),"",'A créer'!A8) | AG8: =IF(OR('A créer'!D8="Oui",LEN('A créer'!D8)=0),"","Tab") | AH8: =IF(OR('A créer'!D8="Oui",LEN('A créer'!D8)=0),"",'A créer'!C8) | AI8: =IF(OR('A créer'!D8="Oui",LEN('A créer'!D8)=0),"","Tab 4") | AJ8: =IF(OR('A créer'!D8="Oui",LEN('A créer'!D8)=0),"","*SB") | AK8: =IF(OR('A créer'!D8="Oui",LEN('A créer'!D8)=0),"","Tab") | AL8: =IF(OR('A créer'!D8="Oui",LEN('A créer'!D8)=0),"","InterCoSte") | AM8: =IF(OR('A créer'!D8="Oui",LEN('A créer'!D8)=0),"","Tab") | AN8: =IF(OR('A créer'!D8="Oui",LEN('A créer'!D8)=0),"","Tab") | AO8: =IF(OR('A créer'!D8="Oui",LEN('A créer'!D8)=0),"","ENT") | AP8: =IF(OR('A créer'!D8="Oui",LEN('A créer'!D8)=0),"","ENT") | AQ8: =IF(OR('A créer'!D8="Oui",LEN('A créer'!D8)=0),"","*SAVE") | AR8: =IF(OR('A créer'!D8="Oui",LEN('A créer'!D8)=0),"","*UP") | AS8: =IF(OR('A créer'!D8="Oui",LEN('A créer'!D8)=0),"","*Aé") | AT8: =IF(OR('A créer'!D8="Oui",LEN('A créer'!D8)=0),"",CONCATENATE('A créer'!B8,'A créer'!A8)) | AU8: =IF(OR('A créer'!D8="Oui",LEN('A créer'!D8)=0),"","Tab") | AV8: =IF(OR('A créer'!D8="Oui",LEN('A créer'!D8)=0),"","*DN") | AW8: =IF(OR('A créer'!D8="Oui",LEN('A créer'!D8)=0),"",CONCATENATE("XXX",'A créer'!A8)) | AX8: =IF(OR('A créer'!D8="Oui",LEN('A créer'!D8)=0),"","Tab") | AY8: =IF(OR('A créer'!D8="Oui",LEN('A créer'!D8)=0),"","*SAVE") | AZ8: =IF(OR('A créer'!D8="Oui",LEN('A créer'!D8)=0),"","*ML(608,125)")
A9: =IF(OR('A créer'!D9="Oui",LEN('A créer'!D9)=0),IF(AND(LEN('A créer'!B9)>0,'A créer'!B9<>'A créer'!H9)=TRUE,"*FN",""),"*FN") | B9: =IF(OR('A créer'!D9="Oui",LEN('A créer'!D9)=0),IF(LEN('A créer'!B9)>0,IF('A créer'!B9='A créer'!H9,"",CONCATENATE('A créer'!B9,'A créer'!A9)),""),CONCATENATE('A créer'!B9,'A créer'!A9)) | C9: =IF(OR('A créer'!D9="Oui",LEN('A créer'!D9)=0),IF(AND(LEN('A créer'!B9)>0,'A créer'!B9<>'A créer'!H9)=TRUE,"Tab",""),"Tab") | D9: =IF(OR('A créer'!D9="Oui",LEN('A créer'!D9)=0),IF(AND(LEN('A créer'!B9)>0,'A créer'!B9<>'A créer'!H9)=TRUE,CONCATENATE('A créer'!B9,'A créer'!A9,"-",'A créer'!C9),""),CONCATENATE('A créer'!B9,'A créer'!A9,"-",'A créer'!C9)) | E9: =IF(OR('A créer'!D9="Oui",LEN('A créer'!D9)=0),IF(AND(LEN('A créer'!B9)>0,'A créer'!B9<>'A créer'!H9)=TRUE,"Tab 4",""),"Tab 4") | F9: =IF(OR('A créer'!D9="Oui",LEN('A créer'!D9)=0),IF(AND(LEN('A créer'!B9)>0,'A créer'!B9<>'A créer'!H9)=TRUE,"Tab",""),"Tab") | G9: =IF(OR('A créer'!D9="Oui",LEN('A créer'!D9)=0),IF(AND(LEN('A créer'!B9)>0,'A créer'!B9<>'A créer'!H9)=TRUE,"Tab",""),"Tab") | H9: =IF(OR('A créer'!D9="Oui",LEN('A créer'!D9)=0),IF(AND(LEN('A créer'!B9)>0,'A créer'!B9<>'A créer'!H9)=TRUE,"ENT",""),"ENT") | I9: =IF('A créer'!D9="Oui",IF(AND(LEN('A créer'!B9)>0,'A créer'!B9<>'A créer'!H9)=TRUE,'A créer'!G9,""),'A créer'!G9) -> 0 | J9: =IF(OR('A créer'!D9="Oui",LEN('A créer'!D9)=0),IF(AND(LEN('A créer'!B9)>0,'A créer'!B9<>'A créer'!H9)=TRUE,"Tab",""),"Tab") | K9: =IF(OR('A créer'!D9="Oui",LEN('A créer'!D9)=0),IF(AND(LEN('A créer'!B9)>0,'A créer'!B9<>'A créer'!H9)=TRUE,"Oui",""),"Oui") | L9: =IF(OR('A créer'!D9="Oui",LEN('A créer'!D9)=0),IF(AND(LEN('A créer'!B9)>0,'A créer'!B9<>'A créer'!H9)=TRUE,"Tab",""),"Tab") | M9: =IF(OR('A créer'!D9="Oui",LEN('A créer'!D9)=0),IF(AND(LEN('A créer'!B9)>0,'A créer'!B9<>'A créer'!H9)=TRUE,'A créer'!E9,""),'A créer'!E9) | N9: =IF(OR('A créer'!D9="Oui",LEN('A créer'!D9)=0),IF(AND(LEN('A créer'!B9)>0,'A créer'!B9<>'A créer'!H9)=TRUE,"ENT",""),"ENT") | O9: =IF(OR('A créer'!D9="Oui",LEN('A créer'!D9)=0),IF(AND(LEN('A créer'!B9)>0,'A créer'!B9<>'A créer'!H9)=TRUE,"*SAVE",""),"*SAVE") | P9: =IF(OR('A créer'!D9="Oui",LEN('A créer'!D9)=0),"","*FN") | Q9: =IF(OR('A créer'!D9="Oui",LEN('A créer'!D9)=0),"",CONCATENATE("XXX",'A créer'!A9)) | R9: =IF(OR('A créer'!D9="Oui",LEN('A créer'!D9)=0),"","Tab") | S9: =IF(OR('A créer'!D9="Oui",LEN('A créer'!D9)=0),"",CONCATENATE("XXX-",'A créer'!C9)) | T9: =IF(OR('A créer'!D9="Oui",LEN('A créer'!D9)=0),"","Tab 4") | U9: =IF(OR('A créer'!D9="Oui",LEN('A créer'!D9)=0),"","Tab") | V9: =IF(OR('A créer'!D9="Oui",LEN('A créer'!D9)=0),"","Tab") | W9: =IF(OR('A créer'!D9="Oui",LEN('A créer'!D9)=0),"","ENT") | X9: =IF(OR('A créer'!D9="Oui",LEN('A créer'!D9)=0),"",'A créer'!G9) | Y9: =IF(OR('A créer'!D9="Oui",LEN('A créer'!D9)=0),"","Tab") | Z9: =IF(OR('A créer'!D9="Oui",LEN('A créer'!D9)=0),"","Oui") | AA9: =IF(OR('A créer'!D9="Oui",LEN('A créer'!D9)=0),"","Tab") | AB9: =IF(OR('A créer'!D9="Oui",LEN('A créer'!D9)=0),"","NON") | AC9: =IF(OR('A créer'!D9="Oui",LEN('A créer'!D9)=0),"","ENT") | AD9: =IF(OR('A créer'!D9="Oui",LEN('A créer'!D9)=0),"","*SAVE") | AE9: =IF(OR('A créer'!D9="Oui",LEN('A créer'!D9)=0),"","*FN") | AF9: =IF(OR('A créer'!D9="Oui",LEN('A créer'!D9)=0),"",'A créer'!A9) | AG9: =IF(OR('A créer'!D9="Oui",LEN('A créer'!D9)=0),"","Tab") | AH9: =IF(OR('A créer'!D9="Oui",LEN('A créer'!D9)=0),"",'A créer'!C9) | AI9: =IF(OR('A créer'!D9="Oui",LEN('A créer'!D9)=0),"","Tab 4") | AJ9: =IF(OR('A créer'!D9="Oui",LEN('A créer'!D9)=0),"","*SB") | AK9: =IF(OR('A créer'!D9="Oui",LEN('A créer'!D9)=0),"","Tab") | AL9: =IF(OR('A créer'!D9="Oui",LEN('A créer'!D9)=0),"","InterCoSte") | AM9: =IF(OR('A créer'!D9="Oui",LEN('A créer'!D9)=0),"","Tab") | AN9: =IF(OR('A créer'!D9="Oui",LEN('A créer'!D9)=0),"","Tab") | AO9: =IF(OR('A créer'!D9="Oui",LEN('A créer'!D9)=0),"","ENT") | AP9: =IF(OR('A créer'!D9="Oui",LEN('A créer'!D9)=0),"","ENT") | AQ9: =IF(OR('A créer'!D9="Oui",LEN('A créer'!D9)=0),"","*SAVE") | AR9: =IF(OR('A créer'!D9="Oui",LEN('A créer'!D9)=0),"","*UP") | AS9: =IF(OR('A créer'!D9="Oui",LEN('A créer'!D9)=0),"","*Aé") | AT9: =IF(OR('A créer'!D9="Oui",LEN('A créer'!D9)=0),"",CONCATENATE('A créer'!B9,'A créer'!A9)) | AU9: =IF(OR('A créer'!D9="Oui",LEN('A créer'!D9)=0),"","Tab") | AV9: =IF(OR('A créer'!D9="Oui",LEN('A créer'!D9)=0),"","*DN") | AW9: =IF(OR('A créer'!D9="Oui",LEN('A créer'!D9)=0),"",CONCATENATE("XXX",'A créer'!A9)) | AX9: =IF(OR('A créer'!D9="Oui",LEN('A créer'!D9)=0),"","Tab") | AY9: =IF(OR('A créer'!D9="Oui",LEN('A créer'!D9)=0),"","*SAVE") | AZ9: =IF(OR('A créer'!D9="Oui",LEN('A créer'!D9)=0),"","*ML(608,125)")
A10: =IF(OR('A créer'!D10="Oui",LEN('A créer'!D10)=0),IF(AND(LEN('A créer'!B10)>0,'A créer'!B10<>'A créer'!H10)=TRUE,"*FN",""),"*FN") | B10: =IF(OR('A créer'!D10="Oui",LEN('A créer'!D10)=0),IF(LEN('A créer'!B10)>0,IF('A créer'!B10='A créer'!H10,"",CONCATENATE('A créer'!B10,'A créer'!A10)),""),CONCATENATE('A créer'!B10,'A créer'!A10)) | C10: =IF(OR('A créer'!D10="Oui",LEN('A créer'!D10)=0),IF(AND(LEN('A créer'!B10)>0,'A créer'!B10<>'A créer'!H10)=TRUE,"Tab",""),"Tab") | D10: =IF(OR('A créer'!D10="Oui",LEN('A créer'!D10)=0),IF(AND(LEN('A créer'!B10)>0,'A créer'!B10<>'A créer'!H10)=TRUE,CONCATENATE('A créer'!B10,'A créer'!A10,"-",'A créer'!C10),""),CONCATENATE('A créer'!B10,'A créer'!A10,"-",'A créer'!C10)) | E10: =IF(OR('A créer'!D10="Oui",LEN('A créer'!D10)=0),IF(AND(LEN('A créer'!B10)>0,'A créer'!B10<>'A créer'!H10)=TRUE,"Tab 4",""),"Tab 4") | F10: =IF(OR('A créer'!D10="Oui",LEN('A créer'!D10)=0),IF(AND(LEN('A créer'!B10)>0,'A créer'!B10<>'A créer'!H10)=TRUE,"Tab",""),"Tab") | G10: =IF(OR('A créer'!D10="Oui",LEN('A créer'!D10)=0),IF(AND(LEN('A créer'!B10)>0,'A créer'!B10<>'A créer'!H10)=TRUE,"Tab",""),"Tab") | H10: =IF(OR('A créer'!D10="Oui",LEN('A créer'!D10)=0),IF(AND(LEN('A créer'!B10)>0,'A créer'!B10<>'A créer'!H10)=TRUE,"ENT",""),"ENT") | I10: =IF('A créer'!D10="Oui",IF(AND(LEN('A créer'!B10)>0,'A créer'!B10<>'A créer'!H10)=TRUE,'A créer'!G10,""),'A créer'!G10) -> 0 | J10: =IF(OR('A créer'!D10="Oui",LEN('A créer'!D10)=0),IF(AND(LEN('A créer'!B10)>0,'A créer'!B10<>'A créer'!H10)=TRUE,"Tab",""),"Tab") | K10: =IF(OR('A créer'!D10="Oui",LEN('A créer'!D10)=0),IF(AND(LEN('A créer'!B10)>0,'A créer'!B10<>'A créer'!H10)=TRUE,"Oui",""),"Oui") | L10: =IF(OR('A créer'!D10="Oui",LEN('A créer'!D10)=0),IF(AND(LEN('A créer'!B10)>0,'A créer'!B10<>'A créer'!H10)=TRUE,"Tab",""),"Tab") | M10: =IF(OR('A créer'!D10="Oui",LEN('A créer'!D10)=0),IF(AND(LEN('A créer'!B10)>0,'A créer'!B10<>'A créer'!H10)=TRUE,'A créer'!E10,""),'A créer'!E10) | N10: =IF(OR('A créer'!D10="Oui",LEN('A créer'!D10)=0),IF(AND(LEN('A créer'!B10)>0,'A créer'!B10<>'A créer'!H10)=TRUE,"ENT",""),"ENT") | O10: =IF(OR('A créer'!D10="Oui",LEN('A créer'!D10)=0),IF(AND(LEN('A créer'!B10)>0,'A créer'!B10<>'A créer'!H10)=TRUE,"*SAVE",""),"*SAVE") | P10: =IF(OR('A créer'!D10="Oui",LEN('A créer'!D10)=0),"","*FN") | Q10: =IF(OR('A créer'!D10="Oui",LEN('A créer'!D10)=0),"",CONCATENATE("XXX",'A créer'!A10)) | R10: =IF(OR('A créer'!D10="Oui",LEN('A créer'!D10)=0),"","Tab") | S10: =IF(OR('A créer'!D10="Oui",LEN('A créer'!D10)=0),"",CONCATENATE("XXX-",'A créer'!C10)) | T10: =IF(OR('A créer'!D10="Oui",LEN('A créer'!D10)=0),"","Tab 4") | U10: =IF(OR('A créer'!D10="Oui",LEN('A créer'!D10)=0),"","Tab") | V10: =IF(OR('A créer'!D10="Oui",LEN('A créer'!D10)=0),"","Tab") | W10: =IF(OR('A créer'!D10="Oui",LEN('A créer'!D10)=0),"","ENT") | X10: =IF(OR('A créer'!D10="Oui",LEN('A créer'!D10)=0),"",'A créer'!G10) | Y10: =IF(OR('A créer'!D10="Oui",LEN('A créer'!D10)=0),"","Tab") | Z10: =IF(OR('A créer'!D10="Oui",LEN('A créer'!D10)=0),"","Oui") | AA10: =IF(OR('A créer'!D10="Oui",LEN('A créer'!D10)=0),"","Tab") | AB10: =IF(OR('A créer'!D10="Oui",LEN('A créer'!D10)=0),"","NON") | AC10: =IF(OR('A créer'!D10="Oui",LEN('A créer'!D10)=0),"","ENT") | AD10: =IF(OR('A créer'!D10="Oui",LEN('A créer'!D10)=0),"","*SAVE") | AE10: =IF(OR('A créer'!D10="Oui",LEN('A créer'!D10)=0),"","*FN") | AF10: =IF(OR('A créer'!D10="Oui",LEN('A créer'!D10)=0),"",'A créer'!A10) | AG10: =IF(OR('A créer'!D10="Oui",LEN('A créer'!D10)=0),"","Tab") | AH10: =IF(OR('A créer'!D10="Oui",LEN('A créer'!D10)=0),"",'A créer'!C10) | AI10: =IF(OR('A créer'!D10="Oui",LEN('A créer'!D10)=0),"","Tab 4") | AJ10: =IF(OR('A créer'!D10="Oui",LEN('A créer'!D10)=0),"","*SB") | AK10: =IF(OR('A créer'!D10="Oui",LEN('A créer'!D10)=0),"","Tab") | AL10: =IF(OR('A créer'!D10="Oui",LEN('A créer'!D10)=0),"","InterCoSte") | AM10: =IF(OR('A créer'!D10="Oui",LEN('A créer'!D10)=0),"","Tab") | AN10: =IF(OR('A créer'!D10="Oui",LEN('A créer'!D10)=0),"","Tab") | AO10: =IF(OR('A créer'!D10="Oui",LEN('A créer'!D10)=0),"","ENT") | AP10: =IF(OR('A créer'!D10="Oui",LEN('A créer'!D10)=0),"","ENT") | AQ10: =IF(OR('A créer'!D10="Oui",LEN('A créer'!D10)=0),"","*SAVE") | AR10: =IF(OR('A créer'!D10="Oui",LEN('A créer'!D10)=0),"","*UP") | AS10: =IF(OR('A créer'!D10="Oui",LEN('A créer'!D10)=0),"","*Aé") | AT10: =IF(OR('A créer'!D10="Oui",LEN('A créer'!D10)=0),"",CONCATENATE('A créer'!B10,'A créer'!A10)) | AU10: =IF(OR('A créer'!D10="Oui",LEN('A créer'!D10)=0),"","Tab") | AV10: =IF(OR('A créer'!D10="Oui",LEN('A créer'!D10)=0),"","*DN") | AW10: =IF(OR('A créer'!D10="Oui",LEN('A créer'!D10)=0),"",CONCATENATE("XXX",'A créer'!A10)) | AX10: =IF(OR('A créer'!D10="Oui",LEN('A créer'!D10)=0),"","Tab") | AY10: =IF(OR('A créer'!D10="Oui",LEN('A créer'!D10)=0),"","*SAVE") | AZ10: =IF(OR('A créer'!D10="Oui",LEN('A créer'!D10)=0),"","*ML(608,125)")
A11: =IF(OR('A créer'!D11="Oui",LEN('A créer'!D11)=0),IF(AND(LEN('A créer'!B11)>0,'A créer'!B11<>'A créer'!H11)=TRUE,"*FN",""),"*FN") | B11: =IF(OR('A créer'!D11="Oui",LEN('A créer'!D11)=0),IF(LEN('A créer'!B11)>0,IF('A créer'!B11='A créer'!H11,"",CONCATENATE('A créer'!B11,'A créer'!A11)),""),CONCATENATE('A créer'!B11,'A créer'!A11)) | C11: =IF(OR('A créer'!D11="Oui",LEN('A créer'!D11)=0),IF(AND(LEN('A créer'!B11)>0,'A créer'!B11<>'A créer'!H11)=TRUE,"Tab",""),"Tab") | D11: =IF(OR('A créer'!D11="Oui",LEN('A créer'!D11)=0),IF(AND(LEN('A créer'!B11)>0,'A créer'!B11<>'A créer'!H11)=TRUE,CONCATENATE('A créer'!B11,'A créer'!A11,"-",'A créer'!C11),""),CONCATENATE('A créer'!B11,'A créer'!A11,"-",'A créer'!C11)) | E11: =IF(OR('A créer'!D11="Oui",LEN('A créer'!D11)=0),IF(AND(LEN('A créer'!B11)>0,'A créer'!B11<>'A créer'!H11)=TRUE,"Tab 4",""),"Tab 4") | F11: =IF(OR('A créer'!D11="Oui",LEN('A créer'!D11)=0),IF(AND(LEN('A créer'!B11)>0,'A créer'!B11<>'A créer'!H11)=TRUE,"Tab",""),"Tab") | G11: =IF(OR('A créer'!D11="Oui",LEN('A créer'!D11)=0),IF(AND(LEN('A créer'!B11)>0,'A créer'!B11<>'A créer'!H11)=TRUE,"Tab",""),"Tab") | H11: =IF(OR('A créer'!D11="Oui",LEN('A créer'!D11)=0),IF(AND(LEN('A créer'!B11)>0,'A créer'!B11<>'A créer'!H11)=TRUE,"ENT",""),"ENT") | I11: =IF('A créer'!D11="Oui",IF(AND(LEN('A créer'!B11)>0,'A créer'!B11<>'A créer'!H11)=TRUE,'A créer'!G11,""),'A créer'!G11) -> 0 | J11: =IF(OR('A créer'!D11="Oui",LEN('A créer'!D11)=0),IF(AND(LEN('A créer'!B11)>0,'A créer'!B11<>'A créer'!H11)=TRUE,"Tab",""),"Tab") | K11: =IF(OR('A créer'!D11="Oui",LEN('A créer'!D11)=0),IF(AND(LEN('A créer'!B11)>0,'A créer'!B11<>'A créer'!H11)=TRUE,"Oui",""),"Oui") | L11: =IF(OR('A créer'!D11="Oui",LEN('A créer'!D11)=0),IF(AND(LEN('A créer'!B11)>0,'A créer'!B11<>'A créer'!H11)=TRUE,"Tab",""),"Tab") | M11: =IF(OR('A créer'!D11="Oui",LEN('A créer'!D11)=0),IF(AND(LEN('A créer'!B11)>0,'A créer'!B11<>'A créer'!H11)=TRUE,'A créer'!E11,""),'A créer'!E11) | N11: =IF(OR('A créer'!D11="Oui",LEN('A créer'!D11)=0),IF(AND(LEN('A créer'!B11)>0,'A créer'!B11<>'A créer'!H11)=TRUE,"ENT",""),"ENT") | O11: =IF(OR('A créer'!D11="Oui",LEN('A créer'!D11)=0),IF(AND(LEN('A créer'!B11)>0,'A créer'!B11<>'A créer'!H11)=TRUE,"*SAVE",""),"*SAVE") | P11: =IF(OR('A créer'!D11="Oui",LEN('A créer'!D11)=0),"","*FN") | Q11: =IF(OR('A créer'!D11="Oui",LEN('A créer'!D11)=0),"",CONCATENATE("XXX",'A créer'!A11)) | R11: =IF(OR('A créer'!D11="Oui",LEN('A créer'!D11)=0),"","Tab") | S11: =IF(OR('A créer'!D11="Oui",LEN('A créer'!D11)=0),"",CONCATENATE("XXX-",'A créer'!C11)) | T11: =IF(OR('A créer'!D11="Oui",LEN('A créer'!D11)=0),"","Tab 4") | U11: =IF(OR('A créer'!D11="Oui",LEN('A créer'!D11)=0),"","Tab") | V11: =IF(OR('A créer'!D11="Oui",LEN('A créer'!D11)=0),"","Tab") | W11: =IF(OR('A créer'!D11="Oui",LEN('A créer'!D11)=0),"","ENT") | X11: =IF(OR('A créer'!D11="Oui",LEN('A créer'!D11)=0),"",'A créer'!G11) | Y11: =IF(OR('A créer'!D11="Oui",LEN('A créer'!D11)=0),"","Tab") | Z11: =IF(OR('A créer'!D11="Oui",LEN('A créer'!D11)=0),"","Oui") | AA11: =IF(OR('A créer'!D11="Oui",LEN('A créer'!D11)=0),"","Tab") | AB11: =IF(OR('A créer'!D11="Oui",LEN('A créer'!D11)=0),"","NON") | AC11: =IF(OR('A créer'!D11="Oui",LEN('A créer'!D11)=0),"","ENT") | AD11: =IF(OR('A créer'!D11="Oui",LEN('A créer'!D11)=0),"","*SAVE") | AE11: =IF(OR('A créer'!D11="Oui",LEN('A créer'!D11)=0),"","*FN") | AF11: =IF(OR('A créer'!D11="Oui",LEN('A créer'!D11)=0),"",'A créer'!A11) | AG11: =IF(OR('A créer'!D11="Oui",LEN('A créer'!D11)=0),"","Tab") | AH11: =IF(OR('A créer'!D11="Oui",LEN('A créer'!D11)=0),"",'A créer'!C11) | AI11: =IF(OR('A créer'!D11="Oui",LEN('A créer'!D11)=0),"","Tab 4") | AJ11: =IF(OR('A créer'!D11="Oui",LEN('A créer'!D11)=0),"","*SB") | AK11: =IF(OR('A créer'!D11="Oui",LEN('A créer'!D11)=0),"","Tab") | AL11: =IF(OR('A créer'!D11="Oui",LEN('A créer'!D11)=0),"","InterCoSte") | AM11: =IF(OR('A créer'!D11="Oui",LEN('A créer'!D11)=0),"","Tab") | AN11: =IF(OR('A créer'!D11="Oui",LEN('A créer'!D11)=0),"","Tab") | AO11: =IF(OR('A créer'!D11="Oui",LEN('A créer'!D11)=0),"","ENT") | AP11: =IF(OR('A créer'!D11="Oui",LEN('A créer'!D11)=0),"","ENT") | AQ11: =IF(OR('A créer'!D11="Oui",LEN('A créer'!D11)=0),"","*SAVE") | AR11: =IF(OR('A créer'!D11="Oui",LEN('A créer'!D11)=0),"","*UP") | AS11: =IF(OR('A créer'!D11="Oui",LEN('A créer'!D11)=0),"","*Aé") | AT11: =IF(OR('A créer'!D11="Oui",LEN('A créer'!D11)=0),"",CONCATENATE('A créer'!B11,'A créer'!A11)) | AU11: =IF(OR('A créer'!D11="Oui",LEN('A créer'!D11)=0),"","Tab") | AV11: =IF(OR('A créer'!D11="Oui",LEN('A créer'!D11)=0),"","*DN") | AW11: =IF(OR('A créer'!D11="Oui",LEN('A créer'!D11)=0),"",CONCATENATE("XXX",'A créer'!A11)) | AX11: =IF(OR('A créer'!D11="Oui",LEN('A créer'!D11)=0),"","Tab") | AY11: =IF(OR('A créer'!D11="Oui",LEN('A créer'!D11)=0),"","*SAVE") | AZ11: =IF(OR('A créer'!D11="Oui",LEN('A créer'!D11)=0),"","*ML(608,125)")
A12: =IF(OR('A créer'!D12="Oui",LEN('A créer'!D12)=0),IF(AND(LEN('A créer'!B12)>0,'A créer'!B12<>'A créer'!H12)=TRUE,"*FN",""),"*FN") | B12: =IF(OR('A créer'!D12="Oui",LEN('A créer'!D12)=0),IF(LEN('A créer'!B12)>0,IF('A créer'!B12='A créer'!H12,"",CONCATENATE('A créer'!B12,'A créer'!A12)),""),CONCATENATE('A créer'!B12,'A créer'!A12)) | C12: =IF(OR('A créer'!D12="Oui",LEN('A créer'!D12)=0),IF(AND(LEN('A créer'!B12)>0,'A créer'!B12<>'A créer'!H12)=TRUE,"Tab",""),"Tab") | D12: =IF(OR('A créer'!D12="Oui",LEN('A créer'!D12)=0),IF(AND(LEN('A créer'!B12)>0,'A créer'!B12<>'A créer'!H12)=TRUE,CONCATENATE('A créer'!B12,'A créer'!A12,"-",'A créer'!C12),""),CONCATENATE('A créer'!B12,'A créer'!A12,"-",'A créer'!C12)) | E12: =IF(OR('A créer'!D12="Oui",LEN('A créer'!D12)=0),IF(AND(LEN('A créer'!B12)>0,'A créer'!B12<>'A créer'!H12)=TRUE,"Tab 4",""),"Tab 4") | F12: =IF(OR('A créer'!D12="Oui",LEN('A créer'!D12)=0),IF(AND(LEN('A créer'!B12)>0,'A créer'!B12<>'A créer'!H12)=TRUE,"Tab",""),"Tab") | G12: =IF(OR('A créer'!D12="Oui",LEN('A créer'!D12)=0),IF(AND(LEN('A créer'!B12)>0,'A créer'!B12<>'A créer'!H12)=TRUE,"Tab",""),"Tab") | H12: =IF(OR('A créer'!D12="Oui",LEN('A créer'!D12)=0),IF(AND(LEN('A créer'!B12)>0,'A créer'!B12<>'A créer'!H12)=TRUE,"ENT",""),"ENT") | I12: =IF('A créer'!D12="Oui",IF(AND(LEN('A créer'!B12)>0,'A créer'!B12<>'A créer'!H12)=TRUE,'A créer'!G12,""),'A créer'!G12) -> 0 | J12: =IF(OR('A créer'!D12="Oui",LEN('A créer'!D12)=0),IF(AND(LEN('A créer'!B12)>0,'A créer'!B12<>'A créer'!H12)=TRUE,"Tab",""),"Tab") | K12: =IF(OR('A créer'!D12="Oui",LEN('A créer'!D12)=0),IF(AND(LEN('A créer'!B12)>0,'A créer'!B12<>'A créer'!H12)=TRUE,"Oui",""),"Oui") | L12: =IF(OR('A créer'!D12="Oui",LEN('A créer'!D12)=0),IF(AND(LEN('A créer'!B12)>0,'A créer'!B12<>'A créer'!H12)=TRUE,"Tab",""),"Tab") | M12: =IF(OR('A créer'!D12="Oui",LEN('A créer'!D12)=0),IF(AND(LEN('A créer'!B12)>0,'A créer'!B12<>'A créer'!H12)=TRUE,'A créer'!E12,""),'A créer'!E12) | N12: =IF(OR('A créer'!D12="Oui",LEN('A créer'!D12)=0),IF(AND(LEN('A créer'!B12)>0,'A créer'!B12<>'A créer'!H12)=TRUE,"ENT",""),"ENT") | O12: =IF(OR('A créer'!D12="Oui",LEN('A créer'!D12)=0),IF(AND(LEN('A créer'!B12)>0,'A créer'!B12<>'A créer'!H12)=TRUE,"*SAVE",""),"*SAVE") | P12: =IF(OR('A créer'!D12="Oui",LEN('A créer'!D12)=0),"","*FN") | Q12: =IF(OR('A créer'!D12="Oui",LEN('A créer'!D12)=0),"",CONCATENATE("XXX",'A créer'!A12)) | R12: =IF(OR('A créer'!D12="Oui",LEN('A créer'!D12)=0),"","Tab") | S12: =IF(OR('A créer'!D12="Oui",LEN('A créer'!D12)=0),"",CONCATENATE("XXX-",'A créer'!C12)) | T12: =IF(OR('A créer'!D12="Oui",LEN('A créer'!D12)=0),"","Tab 4") | U12: =IF(OR('A créer'!D12="Oui",LEN('A créer'!D12)=0),"","Tab") | V12: =IF(OR('A créer'!D12="Oui",LEN('A créer'!D12)=0),"","Tab") | W12: =IF(OR('A créer'!D12="Oui",LEN('A créer'!D12)=0),"","ENT") | X12: =IF(OR('A créer'!D12="Oui",LEN('A créer'!D12)=0),"",'A créer'!G12) | Y12: =IF(OR('A créer'!D12="Oui",LEN('A créer'!D12)=0),"","Tab") | Z12: =IF(OR('A créer'!D12="Oui",LEN('A créer'!D12)=0),"","Oui") | AA12: =IF(OR('A créer'!D12="Oui",LEN('A créer'!D12)=0),"","Tab") | AB12: =IF(OR('A créer'!D12="Oui",LEN('A créer'!D12)=0),"","NON") | AC12: =IF(OR('A créer'!D12="Oui",LEN('A créer'!D12)=0),"","ENT") | AD12: =IF(OR('A créer'!D12="Oui",LEN('A créer'!D12)=0),"","*SAVE") | AE12: =IF(OR('A créer'!D12="Oui",LEN('A créer'!D12)=0),"","*FN") | AF12: =IF(OR('A créer'!D12="Oui",LEN('A créer'!D12)=0),"",'A créer'!A12) | AG12: =IF(OR('A créer'!D12="Oui",LEN('A créer'!D12)=0),"","Tab") | AH12: =IF(OR('A créer'!D12="Oui",LEN('A créer'!D12)=0),"",'A créer'!C12) | AI12: =IF(OR('A créer'!D12="Oui",LEN('A créer'!D12)=0),"","Tab 4") | AJ12: =IF(OR('A créer'!D12="Oui",LEN('A créer'!D12)=0),"","*SB") | AK12: =IF(OR('A créer'!D12="Oui",LEN('A créer'!D12)=0),"","Tab") | AL12: =IF(OR('A créer'!D12="Oui",LEN('A créer'!D12)=0),"","InterCoSte") | AM12: =IF(OR('A créer'!D12="Oui",LEN('A créer'!D12)=0),"","Tab") | AN12: =IF(OR('A créer'!D12="Oui",LEN('A créer'!D12)=0),"","Tab") | AO12: =IF(OR('A créer'!D12="Oui",LEN('A créer'!D12)=0),"","ENT") | AP12: =IF(OR('A créer'!D12="Oui",LEN('A créer'!D12)=0),"","ENT") | AQ12: =IF(OR('A créer'!D12="Oui",LEN('A créer'!D12)=0),"","*SAVE") | AR12: =IF(OR('A créer'!D12="Oui",LEN('A créer'!D12)=0),"","*UP") | AS12: =IF(OR('A créer'!D12="Oui",LEN('A créer'!D12)=0),"","*Aé") | AT12: =IF(OR('A créer'!D12="Oui",LEN('A créer'!D12)=0),"",CONCATENATE('A créer'!B12,'A créer'!A12)) | AU12: =IF(OR('A créer'!D12="Oui",LEN('A créer'!D12)=0),"","Tab") | AV12: =IF(OR('A créer'!D12="Oui",LEN('A créer'!D12)=0),"","*DN") | AW12: =IF(OR('A créer'!D12="Oui",LEN('A créer'!D12)=0),"",CONCATENATE("XXX",'A créer'!A12)) | AX12: =IF(OR('A créer'!D12="Oui",LEN('A créer'!D12)=0),"","Tab") | AY12: =IF(OR('A créer'!D12="Oui",LEN('A créer'!D12)=0),"","*SAVE") | AZ12: =IF(OR('A créer'!D12="Oui",LEN('A créer'!D12)=0),"","*ML(608,125)")
A13: =IF(OR('A créer'!D13="Oui",LEN('A créer'!D13)=0),IF(AND(LEN('A créer'!B13)>0,'A créer'!B13<>'A créer'!H13)=TRUE,"*FN",""),"*FN") | B13: =IF(OR('A créer'!D13="Oui",LEN('A créer'!D13)=0),IF(LEN('A créer'!B13)>0,IF('A créer'!B13='A créer'!H13,"",CONCATENATE('A créer'!B13,'A créer'!A13)),""),CONCATENATE('A créer'!B13,'A créer'!A13)) | C13: =IF(OR('A créer'!D13="Oui",LEN('A créer'!D13)=0),IF(AND(LEN('A créer'!B13)>0,'A créer'!B13<>'A créer'!H13)=TRUE,"Tab",""),"Tab") | D13: =IF(OR('A créer'!D13="Oui",LEN('A créer'!D13)=0),IF(AND(LEN('A créer'!B13)>0,'A créer'!B13<>'A créer'!H13)=TRUE,CONCATENATE('A créer'!B13,'A créer'!A13,"-",'A créer'!C13),""),CONCATENATE('A créer'!B13,'A créer'!A13,"-",'A créer'!C13)) | E13: =IF(OR('A créer'!D13="Oui",LEN('A créer'!D13)=0),IF(AND(LEN('A créer'!B13)>0,'A créer'!B13<>'A créer'!H13)=TRUE,"Tab 4",""),"Tab 4") | F13: =IF(OR('A créer'!D13="Oui",LEN('A créer'!D13)=0),IF(AND(LEN('A créer'!B13)>0,'A créer'!B13<>'A créer'!H13)=TRUE,"Tab",""),"Tab") | G13: =IF(OR('A créer'!D13="Oui",LEN('A créer'!D13)=0),IF(AND(LEN('A créer'!B13)>0,'A créer'!B13<>'A créer'!H13)=TRUE,"Tab",""),"Tab") | H13: =IF(OR('A créer'!D13="Oui",LEN('A créer'!D13)=0),IF(AND(LEN('A créer'!B13)>0,'A créer'!B13<>'A créer'!H13)=TRUE,"ENT",""),"ENT") | I13: =IF('A créer'!D13="Oui",IF(AND(LEN('A créer'!B13)>0,'A créer'!B13<>'A créer'!H13)=TRUE,'A créer'!G13,""),'A créer'!G13) -> 0 | J13: =IF(OR('A créer'!D13="Oui",LEN('A créer'!D13)=0),IF(AND(LEN('A créer'!B13)>0,'A créer'!B13<>'A créer'!H13)=TRUE,"Tab",""),"Tab") | K13: =IF(OR('A créer'!D13="Oui",LEN('A créer'!D13)=0),IF(AND(LEN('A créer'!B13)>0,'A créer'!B13<>'A créer'!H13)=TRUE,"Oui",""),"Oui") | L13: =IF(OR('A créer'!D13="Oui",LEN('A créer'!D13)=0),IF(AND(LEN('A créer'!B13)>0,'A créer'!B13<>'A créer'!H13)=TRUE,"Tab",""),"Tab") | M13: =IF(OR('A créer'!D13="Oui",LEN('A créer'!D13)=0),IF(AND(LEN('A créer'!B13)>0,'A créer'!B13<>'A créer'!H13)=TRUE,'A créer'!E13,""),'A créer'!E13) | N13: =IF(OR('A créer'!D13="Oui",LEN('A créer'!D13)=0),IF(AND(LEN('A créer'!B13)>0,'A créer'!B13<>'A créer'!H13)=TRUE,"ENT",""),"ENT") | O13: =IF(OR('A créer'!D13="Oui",LEN('A créer'!D13)=0),IF(AND(LEN('A créer'!B13)>0,'A créer'!B13<>'A créer'!H13)=TRUE,"*SAVE",""),"*SAVE") | P13: =IF(OR('A créer'!D13="Oui",LEN('A créer'!D13)=0),"","*FN") | Q13: =IF(OR('A créer'!D13="Oui",LEN('A créer'!D13)=0),"",CONCATENATE("XXX",'A créer'!A13)) | R13: =IF(OR('A créer'!D13="Oui",LEN('A créer'!D13)=0),"","Tab") | S13: =IF(OR('A créer'!D13="Oui",LEN('A créer'!D13)=0),"",CONCATENATE("XXX-",'A créer'!C13)) | T13: =IF(OR('A créer'!D13="Oui",LEN('A créer'!D13)=0),"","Tab 4") | U13: =IF(OR('A créer'!D13="Oui",LEN('A créer'!D13)=0),"","Tab") | V13: =IF(OR('A créer'!D13="Oui",LEN('A créer'!D13)=0),"","Tab") | W13: =IF(OR('A créer'!D13="Oui",LEN('A créer'!D13)=0),"","ENT") | X13: =IF(OR('A créer'!D13="Oui",LEN('A créer'!D13)=0),"",'A créer'!G13) | Y13: =IF(OR('A créer'!D13="Oui",LEN('A créer'!D13)=0),"","Tab") | Z13: =IF(OR('A créer'!D13="Oui",LEN('A créer'!D13)=0),"","Oui") | AA13: =IF(OR('A créer'!D13="Oui",LEN('A créer'!D13)=0),"","Tab") | AB13: =IF(OR('A créer'!D13="Oui",LEN('A créer'!D13)=0),"","NON") | AC13: =IF(OR('A créer'!D13="Oui",LEN('A créer'!D13)=0),"","ENT") | AD13: =IF(OR('A créer'!D13="Oui",LEN('A créer'!D13)=0),"","*SAVE") | AE13: =IF(OR('A créer'!D13="Oui",LEN('A créer'!D13)=0),"","*FN") | AF13: =IF(OR('A créer'!D13="Oui",LEN('A créer'!D13)=0),"",'A créer'!A13) | AG13: =IF(OR('A créer'!D13="Oui",LEN('A créer'!D13)=0),"","Tab") | AH13: =IF(OR('A créer'!D13="Oui",LEN('A créer'!D13)=0),"",'A créer'!C13) | AI13: =IF(OR('A créer'!D13="Oui",LEN('A créer'!D13)=0),"","Tab 4") | AJ13: =IF(OR('A créer'!D13="Oui",LEN('A créer'!D13)=0),"","*SB") | AK13: =IF(OR('A créer'!D13="Oui",LEN('A créer'!D13)=0),"","Tab") | AL13: =IF(OR('A créer'!D13="Oui",LEN('A créer'!D13)=0),"","InterCoSte") | AM13: =IF(OR('A créer'!D13="Oui",LEN('A créer'!D13)=0),"","Tab") | AN13: =IF(OR('A créer'!D13="Oui",LEN('A créer'!D13)=0),"","Tab") | AO13: =IF(OR('A créer'!D13="Oui",LEN('A créer'!D13)=0),"","ENT") | AP13: =IF(OR('A créer'!D13="Oui",LEN('A créer'!D13)=0),"","ENT") | AQ13: =IF(OR('A créer'!D13="Oui",LEN('A créer'!D13)=0),"","*SAVE") | AR13: =IF(OR('A créer'!D13="Oui",LEN('A créer'!D13)=0),"","*UP") | AS13: =IF(OR('A créer'!D13="Oui",LEN('A créer'!D13)=0),"","*Aé") | AT13: =IF(OR('A créer'!D13="Oui",LEN('A créer'!D13)=0),"",CONCATENATE('A créer'!B13,'A créer'!A13)) | AU13: =IF(OR('A créer'!D13="Oui",LEN('A créer'!D13)=0),"","Tab") | AV13: =IF(OR('A créer'!D13="Oui",LEN('A créer'!D13)=0),"","*DN") | AW13: =IF(OR('A créer'!D13="Oui",LEN('A créer'!D13)=0),"",CONCATENATE("XXX",'A créer'!A13)) | AX13: =IF(OR('A créer'!D13="Oui",LEN('A créer'!D13)=0),"","Tab") | AY13: =IF(OR('A créer'!D13="Oui",LEN('A créer'!D13)=0),"","*SAVE") | AZ13: =IF(OR('A créer'!D13="Oui",LEN('A créer'!D13)=0),"","*ML(608,125)")
A14: =IF(OR('A créer'!D14="Oui",LEN('A créer'!D14)=0),IF(AND(LEN('A créer'!B14)>0,'A créer'!B14<>'A créer'!H14)=TRUE,"*FN",""),"*FN") | B14: =IF(OR('A créer'!D14="Oui",LEN('A créer'!D14)=0),IF(LEN('A créer'!B14)>0,IF('A créer'!B14='A créer'!H14,"",CONCATENATE('A créer'!B14,'A créer'!A14)),""),CONCATENATE('A créer'!B14,'A créer'!A14)) | C14: =IF(OR('A créer'!D14="Oui",LEN('A créer'!D14)=0),IF(AND(LEN('A créer'!B14)>0,'A créer'!B14<>'A créer'!H14)=TRUE,"Tab",""),"Tab") | D14: =IF(OR('A créer'!D14="Oui",LEN('A créer'!D14)=0),IF(AND(LEN('A créer'!B14)>0,'A créer'!B14<>'A créer'!H14)=TRUE,CONCATENATE('A créer'!B14,'A créer'!A14,"-",'A créer'!C14),""),CONCATENATE('A créer'!B14,'A créer'!A14,"-",'A créer'!C14)) | E14: =IF(OR('A créer'!D14="Oui",LEN('A créer'!D14)=0),IF(AND(LEN('A créer'!B14)>0,'A créer'!B14<>'A créer'!H14)=TRUE,"Tab 4",""),"Tab 4") | F14: =IF(OR('A créer'!D14="Oui",LEN('A créer'!D14)=0),IF(AND(LEN('A créer'!B14)>0,'A créer'!B14<>'A créer'!H14)=TRUE,"Tab",""),"Tab") | G14: =IF(OR('A créer'!D14="Oui",LEN('A créer'!D14)=0),IF(AND(LEN('A créer'!B14)>0,'A créer'!B14<>'A créer'!H14)=TRUE,"Tab",""),"Tab") | H14: =IF(OR('A créer'!D14="Oui",LEN('A créer'!D14)=0),IF(AND(LEN('A créer'!B14)>0,'A créer'!B14<>'A créer'!H14)=TRUE,"ENT",""),"ENT") | I14: =IF('A créer'!D14="Oui",IF(AND(LEN('A créer'!B14)>0,'A créer'!B14<>'A créer'!H14)=TRUE,'A créer'!G14,""),'A créer'!G14) -> 0 | J14: =IF(OR('A créer'!D14="Oui",LEN('A créer'!D14)=0),IF(AND(LEN('A créer'!B14)>0,'A créer'!B14<>'A créer'!H14)=TRUE,"Tab",""),"Tab") | K14: =IF(OR('A créer'!D14="Oui",LEN('A créer'!D14)=0),IF(AND(LEN('A créer'!B14)>0,'A créer'!B14<>'A créer'!H14)=TRUE,"Oui",""),"Oui") | L14: =IF(OR('A créer'!D14="Oui",LEN('A créer'!D14)=0),IF(AND(LEN('A créer'!B14)>0,'A créer'!B14<>'A créer'!H14)=TRUE,"Tab",""),"Tab") | M14: =IF(OR('A créer'!D14="Oui",LEN('A créer'!D14)=0),IF(AND(LEN('A créer'!B14)>0,'A créer'!B14<>'A créer'!H14)=TRUE,'A créer'!E14,""),'A créer'!E14) | N14: =IF(OR('A créer'!D14="Oui",LEN('A créer'!D14)=0),IF(AND(LEN('A créer'!B14)>0,'A créer'!B14<>'A créer'!H14)=TRUE,"ENT",""),"ENT") | O14: =IF(OR('A créer'!D14="Oui",LEN('A créer'!D14)=0),IF(AND(LEN('A créer'!B14)>0,'A créer'!B14<>'A créer'!H14)=TRUE,"*SAVE",""),"*SAVE") | P14: =IF(OR('A créer'!D14="Oui",LEN('A créer'!D14)=0),"","*FN") | Q14: =IF(OR('A créer'!D14="Oui",LEN('A créer'!D14)=0),"",CONCATENATE("XXX",'A créer'!A14)) | R14: =IF(OR('A créer'!D14="Oui",LEN('A créer'!D14)=0),"","Tab") | S14: =IF(OR('A créer'!D14="Oui",LEN('A créer'!D14)=0),"",CONCATENATE("XXX-",'A créer'!C14)) | T14: =IF(OR('A créer'!D14="Oui",LEN('A créer'!D14)=0),"","Tab 4") | U14: =IF(OR('A créer'!D14="Oui",LEN('A créer'!D14)=0),"","Tab") | V14: =IF(OR('A créer'!D14="Oui",LEN('A créer'!D14)=0),"","Tab") | W14: =IF(OR('A créer'!D14="Oui",LEN('A créer'!D14)=0),"","ENT") | X14: =IF(OR('A créer'!D14="Oui",LEN('A créer'!D14)=0),"",'A créer'!G14) | Y14: =IF(OR('A créer'!D14="Oui",LEN('A créer'!D14)=0),"","Tab") | Z14: =IF(OR('A créer'!D14="Oui",LEN('A créer'!D14)=0),"","Oui") | AA14: =IF(OR('A créer'!D14="Oui",LEN('A créer'!D14)=0),"","Tab") | AB14: =IF(OR('A créer'!D14="Oui",LEN('A créer'!D14)=0),"","NON") | AC14: =IF(OR('A créer'!D14="Oui",LEN('A créer'!D14)=0),"","ENT") | AD14: =IF(OR('A créer'!D14="Oui",LEN('A créer'!D14)=0),"","*SAVE") | AE14: =IF(OR('A créer'!D14="Oui",LEN('A créer'!D14)=0),"","*FN") | AF14: =IF(OR('A créer'!D14="Oui",LEN('A créer'!D14)=0),"",'A créer'!A14) | AG14: =IF(OR('A créer'!D14="Oui",LEN('A créer'!D14)=0),"","Tab") | AH14: =IF(OR('A créer'!D14="Oui",LEN('A créer'!D14)=0),"",'A créer'!C14) | AI14: =IF(OR('A créer'!D14="Oui",LEN('A créer'!D14)=0),"","Tab 4") | AJ14: =IF(OR('A créer'!D14="Oui",LEN('A créer'!D14)=0),"","*SB") | AK14: =IF(OR('A créer'!D14="Oui",LEN('A créer'!D14)=0),"","Tab") | AL14: =IF(OR('A créer'!D14="Oui",LEN('A créer'!D14)=0),"","InterCoSte") | AM14: =IF(OR('A créer'!D14="Oui",LEN('A créer'!D14)=0),"","Tab") | AN14: =IF(OR('A créer'!D14="Oui",LEN('A créer'!D14)=0),"","Tab") | AO14: =IF(OR('A créer'!D14="Oui",LEN('A créer'!D14)=0),"","ENT") | AP14: =IF(OR('A créer'!D14="Oui",LEN('A créer'!D14)=0),"","ENT") | AQ14: =IF(OR('A créer'!D14="Oui",LEN('A créer'!D14)=0),"","*SAVE") | AR14: =IF(OR('A créer'!D14="Oui",LEN('A créer'!D14)=0),"","*UP") | AS14: =IF(OR('A créer'!D14="Oui",LEN('A créer'!D14)=0),"","*Aé") | AT14: =IF(OR('A créer'!D14="Oui",LEN('A créer'!D14)=0),"",CONCATENATE('A créer'!B14,'A créer'!A14)) | AU14: =IF(OR('A créer'!D14="Oui",LEN('A créer'!D14)=0),"","Tab") | AV14: =IF(OR('A créer'!D14="Oui",LEN('A créer'!D14)=0),"","*DN") | AW14: =IF(OR('A créer'!D14="Oui",LEN('A créer'!D14)=0),"",CONCATENATE("XXX",'A créer'!A14)) | AX14: =IF(OR('A créer'!D14="Oui",LEN('A créer'!D14)=0),"","Tab") | AY14: =IF(OR('A créer'!D14="Oui",LEN('A créer'!D14)=0),"","*SAVE") | AZ14: =IF(OR('A créer'!D14="Oui",LEN('A créer'!D14)=0),"","*ML(602,118)")
A15: =IF(OR('A créer'!D15="Oui",LEN('A créer'!D15)=0),IF(AND(LEN('A créer'!B15)>0,'A créer'!B15<>'A créer'!H15)=TRUE,"*FN",""),"*FN") | B15: =IF(OR('A créer'!D15="Oui",LEN('A créer'!D15)=0),IF(LEN('A créer'!B15)>0,IF('A créer'!B15='A créer'!H15,"",CONCATENATE('A créer'!B15,'A créer'!A15)),""),CONCATENATE('A créer'!B15,'A créer'!A15)) | C15: =IF(OR('A créer'!D15="Oui",LEN('A créer'!D15)=0),IF(AND(LEN('A créer'!B15)>0,'A créer'!B15<>'A créer'!H15)=TRUE,"Tab",""),"Tab") | D15: =IF(OR('A créer'!D15="Oui",LEN('A créer'!D15)=0),IF(AND(LEN('A créer'!B15)>0,'A créer'!B15<>'A créer'!H15)=TRUE,CONCATENATE('A créer'!B15,'A créer'!A15,"-",'A créer'!C15),""),CONCATENATE('A créer'!B15,'A créer'!A15,"-",'A créer'!C15)) | E15: =IF(OR('A créer'!D15="Oui",LEN('A créer'!D15)=0),IF(AND(LEN('A créer'!B15)>0,'A créer'!B15<>'A créer'!H15)=TRUE,"Tab 4",""),"Tab 4") | F15: =IF(OR('A créer'!D15="Oui",LEN('A créer'!D15)=0),IF(AND(LEN('A créer'!B15)>0,'A créer'!B15<>'A créer'!H15)=TRUE,"Tab",""),"Tab") | G15: =IF(OR('A créer'!D15="Oui",LEN('A créer'!D15)=0),IF(AND(LEN('A créer'!B15)>0,'A créer'!B15<>'A créer'!H15)=TRUE,"Tab",""),"Tab") | H15: =IF(OR('A créer'!D15="Oui",LEN('A créer'!D15)=0),IF(AND(LEN('A créer'!B15)>0,'A créer'!B15<>'A créer'!H15)=TRUE,"ENT",""),"ENT") | I15: =IF('A créer'!D15="Oui",IF(AND(LEN('A créer'!B15)>0,'A créer'!B15<>'A créer'!H15)=TRUE,'A créer'!G15,""),'A créer'!G15) -> 0 | J15: =IF(OR('A créer'!D15="Oui",LEN('A créer'!D15)=0),IF(AND(LEN('A créer'!B15)>0,'A créer'!B15<>'A créer'!H15)=TRUE,"Tab",""),"Tab") | K15: =IF(OR('A créer'!D15="Oui",LEN('A créer'!D15)=0),IF(AND(LEN('A créer'!B15)>0,'A créer'!B15<>'A créer'!H15)=TRUE,"Oui",""),"Oui") | L15: =IF(OR('A créer'!D15="Oui",LEN('A créer'!D15)=0),IF(AND(LEN('A créer'!B15)>0,'A créer'!B15<>'A créer'!H15)=TRUE,"Tab",""),"Tab") | M15: =IF(OR('A créer'!D15="Oui",LEN('A créer'!D15)=0),IF(AND(LEN('A créer'!B15)>0,'A créer'!B15<>'A créer'!H15)=TRUE,'A créer'!E15,""),'A créer'!E15) | N15: =IF(OR('A créer'!D15="Oui",LEN('A créer'!D15)=0),IF(AND(LEN('A créer'!B15)>0,'A créer'!B15<>'A créer'!H15)=TRUE,"ENT",""),"ENT") | O15: =IF(OR('A créer'!D15="Oui",LEN('A créer'!D15)=0),IF(AND(LEN('A créer'!B15)>0,'A créer'!B15<>'A créer'!H15)=TRUE,"*SAVE",""),"*SAVE") | P15: =IF(OR('A créer'!D15="Oui",LEN('A créer'!D15)=0),"","*FN") | Q15: =IF(OR('A créer'!D15="Oui",LEN('A créer'!D15)=0),"",CONCATENATE("XXX",'A créer'!A15)) | R15: =IF(OR('A créer'!D15="Oui",LEN('A créer'!D15)=0),"","Tab") | S15: =IF(OR('A créer'!D15="Oui",LEN('A créer'!D15)=0),"",CONCATENATE("XXX-",'A créer'!C15)) | T15: =IF(OR('A créer'!D15="Oui",LEN('A créer'!D15)=0),"","Tab 4") | U15: =IF(OR('A créer'!D15="Oui",LEN('A créer'!D15)=0),"","Tab") | V15: =IF(OR('A créer'!D15="Oui",LEN('A créer'!D15)=0),"","Tab") | W15: =IF(OR('A créer'!D15="Oui",LEN('A créer'!D15)=0),"","ENT") | X15: =IF(OR('A créer'!D15="Oui",LEN('A créer'!D15)=0),"",'A créer'!G15) | Y15: =IF(OR('A créer'!D15="Oui",LEN('A créer'!D15)=0),"","Tab") | Z15: =IF(OR('A créer'!D15="Oui",LEN('A créer'!D15)=0),"","Oui") | AA15: =IF(OR('A créer'!D15="Oui",LEN('A créer'!D15)=0),"","Tab") | AB15: =IF(OR('A créer'!D15="Oui",LEN('A créer'!D15)=0),"","NON") | AC15: =IF(OR('A créer'!D15="Oui",LEN('A créer'!D15)=0),"","ENT") | AD15: =IF(OR('A créer'!D15="Oui",LEN('A créer'!D15)=0),"","*SAVE") | AE15: =IF(OR('A créer'!D15="Oui",LEN('A créer'!D15)=0),"","*FN") | AF15: =IF(OR('A créer'!D15="Oui",LEN('A créer'!D15)=0),"",'A créer'!A15) | AG15: =IF(OR('A créer'!D15="Oui",LEN('A créer'!D15)=0),"","Tab") | AH15: =IF(OR('A créer'!D15="Oui",LEN('A créer'!D15)=0),"",'A créer'!C15) | AI15: =IF(OR('A créer'!D15="Oui",LEN('A créer'!D15)=0),"","Tab 4") | AJ15: =IF(OR('A créer'!D15="Oui",LEN('A créer'!D15)=0),"","*SB") | AK15: =IF(OR('A créer'!D15="Oui",LEN('A créer'!D15)=0),"","Tab") | AL15: =IF(OR('A créer'!D15="Oui",LEN('A créer'!D15)=0),"","InterCoSte") | AM15: =IF(OR('A créer'!D15="Oui",LEN('A créer'!D15)=0),"","Tab") | AN15: =IF(OR('A créer'!D15="Oui",LEN('A créer'!D15)=0),"","Tab") | AO15: =IF(OR('A créer'!D15="Oui",LEN('A créer'!D15)=0),"","ENT") | AP15: =IF(OR('A créer'!D15="Oui",LEN('A créer'!D15)=0),"","ENT") | AQ15: =IF(OR('A créer'!D15="Oui",LEN('A créer'!D15)=0),"","*SAVE") | AR15: =IF(OR('A créer'!D15="Oui",LEN('A créer'!D15)=0),"","*UP") | AS15: =IF(OR('A créer'!D15="Oui",LEN('A créer'!D15)=0),"","*Aé") | AT15: =IF(OR('A créer'!D15="Oui",LEN('A créer'!D15)=0),"",CONCATENATE('A créer'!B15,'A créer'!A15)) | AU15: =IF(OR('A créer'!D15="Oui",LEN('A créer'!D15)=0),"","Tab") | AV15: =IF(OR('A créer'!D15="Oui",LEN('A créer'!D15)=0),"","*DN") | AW15: =IF(OR('A créer'!D15="Oui",LEN('A créer'!D15)=0),"",CONCATENATE("XXX",'A créer'!A15)) | AX15: =IF(OR('A créer'!D15="Oui",LEN('A créer'!D15)=0),"","Tab") | AY15: =IF(OR('A créer'!D15="Oui",LEN('A créer'!D15)=0),"","*SAVE") | AZ15: =IF(OR('A créer'!D15="Oui",LEN('A créer'!D15)=0),"","*ML(751,142)")
A16: =IF(OR('A créer'!D16="Oui",LEN('A créer'!D16)=0),IF(AND(LEN('A créer'!B16)>0,'A créer'!B16<>'A créer'!H16)=TRUE,"*FN",""),"*FN") | B16: =IF(OR('A créer'!D16="Oui",LEN('A créer'!D16)=0),IF(LEN('A créer'!B16)>0,IF('A créer'!B16='A créer'!H16,"",CONCATENATE('A créer'!B16,'A créer'!A16)),""),CONCATENATE('A créer'!B16,'A créer'!A16)) | C16: =IF(OR('A créer'!D16="Oui",LEN('A créer'!D16)=0),IF(AND(LEN('A créer'!B16)>0,'A créer'!B16<>'A créer'!H16)=TRUE,"Tab",""),"Tab") | D16: =IF(OR('A créer'!D16="Oui",LEN('A créer'!D16)=0),IF(AND(LEN('A créer'!B16)>0,'A créer'!B16<>'A créer'!H16)=TRUE,CONCATENATE('A créer'!B16,'A créer'!A16,"-",'A créer'!C16),""),CONCATENATE('A créer'!B16,'A créer'!A16,"-",'A créer'!C16)) | E16: =IF(OR('A créer'!D16="Oui",LEN('A créer'!D16)=0),IF(AND(LEN('A créer'!B16)>0,'A créer'!B16<>'A créer'!H16)=TRUE,"Tab 4",""),"Tab 4") | F16: =IF(OR('A créer'!D16="Oui",LEN('A créer'!D16)=0),IF(AND(LEN('A créer'!B16)>0,'A créer'!B16<>'A créer'!H16)=TRUE,"Tab",""),"Tab") | G16: =IF(OR('A créer'!D16="Oui",LEN('A créer'!D16)=0),IF(AND(LEN('A créer'!B16)>0,'A créer'!B16<>'A créer'!H16)=TRUE,"Tab",""),"Tab") | H16: =IF(OR('A créer'!D16="Oui",LEN('A créer'!D16)=0),IF(AND(LEN('A créer'!B16)>0,'A créer'!B16<>'A créer'!H16)=TRUE,"ENT",""),"ENT") | I16: =IF('A créer'!D16="Oui",IF(AND(LEN('A créer'!B16)>0,'A créer'!B16<>'A créer'!H16)=TRUE,'A créer'!G16,""),'A créer'!G16) -> 0 | J16: =IF(OR('A créer'!D16="Oui",LEN('A créer'!D16)=0),IF(AND(LEN('A créer'!B16)>0,'A créer'!B16<>'A créer'!H16)=TRUE,"Tab",""),"Tab") | K16: =IF(OR('A créer'!D16="Oui",LEN('A créer'!D16)=0),IF(AND(LEN('A créer'!B16)>0,'A créer'!B16<>'A créer'!H16)=TRUE,"Oui",""),"Oui") | L16: =IF(OR('A créer'!D16="Oui",LEN('A créer'!D16)=0),IF(AND(LEN('A créer'!B16)>0,'A créer'!B16<>'A créer'!H16)=TRUE,"Tab",""),"Tab") | M16: =IF(OR('A créer'!D16="Oui",LEN('A créer'!D16)=0),IF(AND(LEN('A créer'!B16)>0,'A créer'!B16<>'A créer'!H16)=TRUE,'A créer'!E16,""),'A créer'!E16) | N16: =IF(OR('A créer'!D16="Oui",LEN('A créer'!D16)=0),IF(AND(LEN('A créer'!B16)>0,'A créer'!B16<>'A créer'!H16)=TRUE,"ENT",""),"ENT") | O16: =IF(OR('A créer'!D16="Oui",LEN('A créer'!D16)=0),IF(AND(LEN('A créer'!B16)>0,'A créer'!B16<>'A créer'!H16)=TRUE,"*SAVE",""),"*SAVE") | P16: =IF(OR('A créer'!D16="Oui",LEN('A créer'!D16)=0),"","*FN") | Q16: =IF(OR('A créer'!D16="Oui",LEN('A créer'!D16)=0),"",CONCATENATE("XXX",'A créer'!A16)) | R16: =IF(OR('A créer'!D16="Oui",LEN('A créer'!D16)=0),"","Tab") | S16: =IF(OR('A créer'!D16="Oui",LEN('A créer'!D16)=0),"",CONCATENATE("XXX-",'A créer'!C16)) | T16: =IF(OR('A créer'!D16="Oui",LEN('A créer'!D16)=0),"","Tab 4") | U16: =IF(OR('A créer'!D16="Oui",LEN('A créer'!D16)=0),"","Tab") | V16: =IF(OR('A créer'!D16="Oui",LEN('A créer'!D16)=0),"","Tab") | W16: =IF(OR('A créer'!D16="Oui",LEN('A créer'!D16)=0),"","ENT") | X16: =IF(OR('A créer'!D16="Oui",LEN('A créer'!D16)=0),"",'A créer'!G16) | Y16: =IF(OR('A créer'!D16="Oui",LEN('A créer'!D16)=0),"","Tab") | Z16: =IF(OR('A créer'!D16="Oui",LEN('A créer'!D16)=0),"","Oui") | AA16: =IF(OR('A créer'!D16="Oui",LEN('A créer'!D16)=0),"","Tab") | AB16: =IF(OR('A créer'!D16="Oui",LEN('A créer'!D16)=0),"","NON") | AC16: =IF(OR('A créer'!D16="Oui",LEN('A créer'!D16)=0),"","ENT") | AD16: =IF(OR('A créer'!D16="Oui",LEN('A créer'!D16)=0),"","*SAVE") | AE16: =IF(OR('A créer'!D16="Oui",LEN('A créer'!D16)=0),"","*FN") | AF16: =IF(OR('A créer'!D16="Oui",LEN('A créer'!D16)=0),"",'A créer'!A16) | AG16: =IF(OR('A créer'!D16="Oui",LEN('A créer'!D16)=0),"","Tab") | AH16: =IF(OR('A créer'!D16="Oui",LEN('A créer'!D16)=0),"",'A créer'!C16) | AI16: =IF(OR('A créer'!D16="Oui",LEN('A créer'!D16)=0),"","Tab 4") | AJ16: =IF(OR('A créer'!D16="Oui",LEN('A créer'!D16)=0),"","*SB") | AK16: =IF(OR('A créer'!D16="Oui",LEN('A créer'!D16)=0),"","Tab") | AL16: =IF(OR('A créer'!D16="Oui",LEN('A créer'!D16)=0),"","InterCoSte") | AM16: =IF(OR('A créer'!D16="Oui",LEN('A créer'!D16)=0),"","Tab") | AN16: =IF(OR('A créer'!D16="Oui",LEN('A créer'!D16)=0),"","Tab") | AO16: =IF(OR('A créer'!D16="Oui",LEN('A créer'!D16)=0),"","ENT") | AP16: =IF(OR('A créer'!D16="Oui",LEN('A créer'!D16)=0),"","ENT") | AQ16: =IF(OR('A créer'!D16="Oui",LEN('A créer'!D16)=0),"","*SAVE") | AR16: =IF(OR('A créer'!D16="Oui",LEN('A créer'!D16)=0),"","*UP") | AS16: =IF(OR('A créer'!D16="Oui",LEN('A créer'!D16)=0),"","*Aé") | AT16: =IF(OR('A créer'!D16="Oui",LEN('A créer'!D16)=0),"",CONCATENATE('A créer'!B16,'A créer'!A16)) | AU16: =IF(OR('A créer'!D16="Oui",LEN('A créer'!D16)=0),"","Tab") | AV16: =IF(OR('A créer'!D16="Oui",LEN('A créer'!D16)=0),"","*DN") | AW16: =IF(OR('A créer'!D16="Oui",LEN('A créer'!D16)=0),"",CONCATENATE("XXX",'A créer'!A16)) | AX16: =IF(OR('A créer'!D16="Oui",LEN('A créer'!D16)=0),"","Tab") | AY16: =IF(OR('A créer'!D16="Oui",LEN('A créer'!D16)=0),"","*SAVE") | AZ16: =IF(OR('A créer'!D16="Oui",LEN('A créer'!D16)=0),"","*ML(751,142)")
A17: =IF(OR('A créer'!D17="Oui",LEN('A créer'!D17)=0),IF(AND(LEN('A créer'!B17)>0,'A créer'!B17<>'A créer'!H17)=TRUE,"*FN",""),"*FN") | B17: =IF(OR('A créer'!D17="Oui",LEN('A créer'!D17)=0),IF(LEN('A créer'!B17)>0,IF('A créer'!B17='A créer'!H17,"",CONCATENATE('A créer'!B17,'A créer'!A17)),""),CONCATENATE('A créer'!B17,'A créer'!A17)) | C17: =IF(OR('A créer'!D17="Oui",LEN('A créer'!D17)=0),IF(AND(LEN('A créer'!B17)>0,'A créer'!B17<>'A créer'!H17)=TRUE,"Tab",""),"Tab") | D17: =IF(OR('A créer'!D17="Oui",LEN('A créer'!D17)=0),IF(AND(LEN('A créer'!B17)>0,'A créer'!B17<>'A créer'!H17)=TRUE,CONCATENATE('A créer'!B17,'A créer'!A17,"-",'A créer'!C17),""),CONCATENATE('A créer'!B17,'A créer'!A17,"-",'A créer'!C17)) | E17: =IF(OR('A créer'!D17="Oui",LEN('A créer'!D17)=0),IF(AND(LEN('A créer'!B17)>0,'A créer'!B17<>'A créer'!H17)=TRUE,"Tab 4",""),"Tab 4") | F17: =IF(OR('A créer'!D17="Oui",LEN('A créer'!D17)=0),IF(AND(LEN('A créer'!B17)>0,'A créer'!B17<>'A créer'!H17)=TRUE,"Tab",""),"Tab") | G17: =IF(OR('A créer'!D17="Oui",LEN('A créer'!D17)=0),IF(AND(LEN('A créer'!B17)>0,'A créer'!B17<>'A créer'!H17)=TRUE,"Tab",""),"Tab") | H17: =IF(OR('A créer'!D17="Oui",LEN('A créer'!D17)=0),IF(AND(LEN('A créer'!B17)>0,'A créer'!B17<>'A créer'!H17)=TRUE,"ENT",""),"ENT") | I17: =IF('A créer'!D17="Oui",IF(AND(LEN('A créer'!B17)>0,'A créer'!B17<>'A créer'!H17)=TRUE,'A créer'!G17,""),'A créer'!G17) -> 0 | J17: =IF(OR('A créer'!D17="Oui",LEN('A créer'!D17)=0),IF(AND(LEN('A créer'!B17)>0,'A créer'!B17<>'A créer'!H17)=TRUE,"Tab",""),"Tab") | K17: =IF(OR('A créer'!D17="Oui",LEN('A créer'!D17)=0),IF(AND(LEN('A créer'!B17)>0,'A créer'!B17<>'A créer'!H17)=TRUE,"Oui",""),"Oui") | L17: =IF(OR('A créer'!D17="Oui",LEN('A créer'!D17)=0),IF(AND(LEN('A créer'!B17)>0,'A créer'!B17<>'A créer'!H17)=TRUE,"Tab",""),"Tab") | M17: =IF(OR('A créer'!D17="Oui",LEN('A créer'!D17)=0),IF(AND(LEN('A créer'!B17)>0,'A créer'!B17<>'A créer'!H17)=TRUE,'A créer'!E17,""),'A créer'!E17) | N17: =IF(OR('A créer'!D17="Oui",LEN('A créer'!D17)=0),IF(AND(LEN('A créer'!B17)>0,'A créer'!B17<>'A créer'!H17)=TRUE,"ENT",""),"ENT") | O17: =IF(OR('A créer'!D17="Oui",LEN('A créer'!D17)=0),IF(AND(LEN('A créer'!B17)>0,'A créer'!B17<>'A créer'!H17)=TRUE,"*SAVE",""),"*SAVE") | P17: =IF(OR('A créer'!D17="Oui",LEN('A créer'!D17)=0),"","*FN") | Q17: =IF(OR('A créer'!D17="Oui",LEN('A créer'!D17)=0),"",CONCATENATE("XXX",'A créer'!A17)) | R17: =IF(OR('A créer'!D17="Oui",LEN('A créer'!D17)=0),"","Tab") | S17: =IF(OR('A créer'!D17="Oui",LEN('A créer'!D17)=0),"",CONCATENATE("XXX-",'A créer'!C17)) | T17: =IF(OR('A créer'!D17="Oui",LEN('A créer'!D17)=0),"","Tab 4") | U17: =IF(OR('A créer'!D17="Oui",LEN('A créer'!D17)=0),"","Tab") | V17: =IF(OR('A créer'!D17="Oui",LEN('A créer'!D17)=0),"","Tab") | W17: =IF(OR('A créer'!D17="Oui",LEN('A créer'!D17)=0),"","ENT") | X17: =IF(OR('A créer'!D17="Oui",LEN('A créer'!D17)=0),"",'A créer'!G17) | Y17: =IF(OR('A créer'!D17="Oui",LEN('A créer'!D17)=0),"","Tab") | Z17: =IF(OR('A créer'!D17="Oui",LEN('A créer'!D17)=0),"","Oui") | AA17: =IF(OR('A créer'!D17="Oui",LEN('A créer'!D17)=0),"","Tab") | AB17: =IF(OR('A créer'!D17="Oui",LEN('A créer'!D17)=0),"","NON") | AC17: =IF(OR('A créer'!D17="Oui",LEN('A créer'!D17)=0),"","ENT") | AD17: =IF(OR('A créer'!D17="Oui",LEN('A créer'!D17)=0),"","*SAVE") | AE17: =IF(OR('A créer'!D17="Oui",LEN('A créer'!D17)=0),"","*FN") | AF17: =IF(OR('A créer'!D17="Oui",LEN('A créer'!D17)=0),"",'A créer'!A17) | AG17: =IF(OR('A créer'!D17="Oui",LEN('A créer'!D17)=0),"","Tab") | AH17: =IF(OR('A créer'!D17="Oui",LEN('A créer'!D17)=0),"",'A créer'!C17) | AI17: =IF(OR('A créer'!D17="Oui",LEN('A créer'!D17)=0),"","Tab 4") | AJ17: =IF(OR('A créer'!D17="Oui",LEN('A créer'!D17)=0),"","*SB") | AK17: =IF(OR('A créer'!D17="Oui",LEN('A créer'!D17)=0),"","Tab") | AL17: =IF(OR('A créer'!D17="Oui",LEN('A créer'!D17)=0),"","InterCoSte") | AM17: =IF(OR('A créer'!D17="Oui",LEN('A créer'!D17)=0),"","Tab") | AN17: =IF(OR('A créer'!D17="Oui",LEN('A créer'!D17)=0),"","Tab") | AO17: =IF(OR('A créer'!D17="Oui",LEN('A créer'!D17)=0),"","ENT") | AP17: =IF(OR('A créer'!D17="Oui",LEN('A créer'!D17)=0),"","ENT") | AQ17: =IF(OR('A créer'!D17="Oui",LEN('A créer'!D17)=0),"","*SAVE") | AR17: =IF(OR('A créer'!D17="Oui",LEN('A créer'!D17)=0),"","*UP") | AS17: =IF(OR('A créer'!D17="Oui",LEN('A créer'!D17)=0),"","*Aé") | AT17: =IF(OR('A créer'!D17="Oui",LEN('A créer'!D17)=0),"",CONCATENATE('A créer'!B17,'A créer'!A17)) | AU17: =IF(OR('A créer'!D17="Oui",LEN('A créer'!D17)=0),"","Tab") | AV17: =IF(OR('A créer'!D17="Oui",LEN('A créer'!D17)=0),"","*DN") | AW17: =IF(OR('A créer'!D17="Oui",LEN('A créer'!D17)=0),"",CONCATENATE("XXX",'A créer'!A17)) | AX17: =IF(OR('A créer'!D17="Oui",LEN('A créer'!D17)=0),"","Tab") | AY17: =IF(OR('A créer'!D17="Oui",LEN('A créer'!D17)=0),"","*SAVE") | AZ17: =IF(OR('A créer'!D17="Oui",LEN('A créer'!D17)=0),"","*ML(751,142)")
A18: =IF(OR('A créer'!D18="Oui",LEN('A créer'!D18)=0),IF(AND(LEN('A créer'!B18)>0,'A créer'!B18<>'A créer'!H18)=TRUE,"*FN",""),"*FN") | B18: =IF(OR('A créer'!D18="Oui",LEN('A créer'!D18)=0),IF(LEN('A créer'!B18)>0,IF('A créer'!B18='A créer'!H18,"",CONCATENATE('A créer'!B18,'A créer'!A18)),""),CONCATENATE('A créer'!B18,'A créer'!A18)) | C18: =IF(OR('A créer'!D18="Oui",LEN('A créer'!D18)=0),IF(AND(LEN('A créer'!B18)>0,'A créer'!B18<>'A créer'!H18)=TRUE,"Tab",""),"Tab") | D18: =IF(OR('A créer'!D18="Oui",LEN('A créer'!D18)=0),IF(AND(LEN('A créer'!B18)>0,'A créer'!B18<>'A créer'!H18)=TRUE,CONCATENATE('A créer'!B18,'A créer'!A18,"-",'A créer'!C18),""),CONCATENATE('A créer'!B18,'A créer'!A18,"-",'A créer'!C18)) | E18: =IF(OR('A créer'!D18="Oui",LEN('A créer'!D18)=0),IF(AND(LEN('A créer'!B18)>0,'A créer'!B18<>'A créer'!H18)=TRUE,"Tab 4",""),"Tab 4") | F18: =IF(OR('A créer'!D18="Oui",LEN('A créer'!D18)=0),IF(AND(LEN('A créer'!B18)>0,'A créer'!B18<>'A créer'!H18)=TRUE,"Tab",""),"Tab") | G18: =IF(OR('A créer'!D18="Oui",LEN('A créer'!D18)=0),IF(AND(LEN('A créer'!B18)>0,'A créer'!B18<>'A créer'!H18)=TRUE,"Tab",""),"Tab") | H18: =IF(OR('A créer'!D18="Oui",LEN('A créer'!D18)=0),IF(AND(LEN('A créer'!B18)>0,'A créer'!B18<>'A créer'!H18)=TRUE,"ENT",""),"ENT") | I18: =IF('A créer'!D18="Oui",IF(AND(LEN('A créer'!B18)>0,'A créer'!B18<>'A créer'!H18)=TRUE,'A créer'!G18,""),'A créer'!G18) -> 0 | J18: =IF(OR('A créer'!D18="Oui",LEN('A créer'!D18)=0),IF(AND(LEN('A créer'!B18)>0,'A créer'!B18<>'A créer'!H18)=TRUE,"Tab",""),"Tab") | K18: =IF(OR('A créer'!D18="Oui",LEN('A créer'!D18)=0),IF(AND(LEN('A créer'!B18)>0,'A créer'!B18<>'A créer'!H18)=TRUE,"Oui",""),"Oui") | L18: =IF(OR('A créer'!D18="Oui",LEN('A créer'!D18)=0),IF(AND(LEN('A créer'!B18)>0,'A créer'!B18<>'A créer'!H18)=TRUE,"Tab",""),"Tab") | M18: =IF(OR('A créer'!D18="Oui",LEN('A créer'!D18)=0),IF(AND(LEN('A créer'!B18)>0,'A créer'!B18<>'A créer'!H18)=TRUE,'A créer'!E18,""),'A créer'!E18) | N18: =IF(OR('A créer'!D18="Oui",LEN('A créer'!D18)=0),IF(AND(LEN('A créer'!B18)>0,'A créer'!B18<>'A créer'!H18)=TRUE,"ENT",""),"ENT") | O18: =IF(OR('A créer'!D18="Oui",LEN('A créer'!D18)=0),IF(AND(LEN('A créer'!B18)>0,'A créer'!B18<>'A créer'!H18)=TRUE,"*SAVE",""),"*SAVE") | P18: =IF(OR('A créer'!D18="Oui",LEN('A créer'!D18)=0),"","*FN") | Q18: =IF(OR('A créer'!D18="Oui",LEN('A créer'!D18)=0),"",CONCATENATE("XXX",'A créer'!A18)) | R18: =IF(OR('A créer'!D18="Oui",LEN('A créer'!D18)=0),"","Tab") | S18: =IF(OR('A créer'!D18="Oui",LEN('A créer'!D18)=0),"",CONCATENATE("XXX-",'A créer'!C18)) | T18: =IF(OR('A créer'!D18="Oui",LEN('A créer'!D18)=0),"","Tab 4") | U18: =IF(OR('A créer'!D18="Oui",LEN('A créer'!D18)=0),"","Tab") | V18: =IF(OR('A créer'!D18="Oui",LEN('A créer'!D18)=0),"","Tab") | W18: =IF(OR('A créer'!D18="Oui",LEN('A créer'!D18)=0),"","ENT") | X18: =IF(OR('A créer'!D18="Oui",LEN('A créer'!D18)=0),"",'A créer'!G18) | Y18: =IF(OR('A créer'!D18="Oui",LEN('A créer'!D18)=0),"","Tab") | Z18: =IF(OR('A créer'!D18="Oui",LEN('A créer'!D18)=0),"","Oui") | AA18: =IF(OR('A créer'!D18="Oui",LEN('A créer'!D18)=0),"","Tab") | AB18: =IF(OR('A créer'!D18="Oui",LEN('A créer'!D18)=0),"","NON") | AC18: =IF(OR('A créer'!D18="Oui",LEN('A créer'!D18)=0),"","ENT") | AD18: =IF(OR('A créer'!D18="Oui",LEN('A créer'!D18)=0),"","*SAVE") | AE18: =IF(OR('A créer'!D18="Oui",LEN('A créer'!D18)=0),"","*FN") | AF18: =IF(OR('A créer'!D18="Oui",LEN('A créer'!D18)=0),"",'A créer'!A18) | AG18: =IF(OR('A créer'!D18="Oui",LEN('A créer'!D18)=0),"","Tab") | AH18: =IF(OR('A créer'!D18="Oui",LEN('A créer'!D18)=0),"",'A créer'!C18) | AI18: =IF(OR('A créer'!D18="Oui",LEN('A créer'!D18)=0),"","Tab 4") | AJ18: =IF(OR('A créer'!D18="Oui",LEN('A créer'!D18)=0),"","*SB") | AK18: =IF(OR('A créer'!D18="Oui",LEN('A créer'!D18)=0),"","Tab") | AL18: =IF(OR('A créer'!D18="Oui",LEN('A créer'!D18)=0),"","InterCoSte") | AM18: =IF(OR('A créer'!D18="Oui",LEN('A créer'!D18)=0),"","Tab") | AN18: =IF(OR('A créer'!D18="Oui",LEN('A créer'!D18)=0),"","Tab") | AO18: =IF(OR('A créer'!D18="Oui",LEN('A créer'!D18)=0),"","ENT") | AP18: =IF(OR('A créer'!D18="Oui",LEN('A créer'!D18)=0),"","ENT") | AQ18: =IF(OR('A créer'!D18="Oui",LEN('A créer'!D18)=0),"","*SAVE") | AR18: =IF(OR('A créer'!D18="Oui",LEN('A créer'!D18)=0),"","*UP") | AS18: =IF(OR('A créer'!D18="Oui",LEN('A créer'!D18)=0),"","*Aé") | AT18: =IF(OR('A créer'!D18="Oui",LEN('A créer'!D18)=0),"",CONCATENATE('A créer'!B18,'A créer'!A18)) | AU18: =IF(OR('A créer'!D18="Oui",LEN('A créer'!D18)=0),"","Tab") | AV18: =IF(OR('A créer'!D18="Oui",LEN('A créer'!D18)=0),"","*DN") | AW18: =IF(OR('A créer'!D18="Oui",LEN('A créer'!D18)=0),"",CONCATENATE("XXX",'A créer'!A18)) | AX18: =IF(OR('A créer'!D18="Oui",LEN('A créer'!D18)=0),"","Tab") | AY18: =IF(OR('A créer'!D18="Oui",LEN('A créer'!D18)=0),"","*SAVE") | AZ18: =IF(OR('A créer'!D18="Oui",LEN('A créer'!D18)=0),"","*ML(751,142)")
A19: =IF(OR('A créer'!D19="Oui",LEN('A créer'!D19)=0),IF(AND(LEN('A créer'!B19)>0,'A créer'!B19<>'A créer'!H19)=TRUE,"*FN",""),"*FN") | B19: =IF(OR('A créer'!D19="Oui",LEN('A créer'!D19)=0),IF(LEN('A créer'!B19)>0,IF('A créer'!B19='A créer'!H19,"",CONCATENATE('A créer'!B19,'A créer'!A19)),""),CONCATENATE('A créer'!B19,'A créer'!A19)) | C19: =IF(OR('A créer'!D19="Oui",LEN('A créer'!D19)=0),IF(AND(LEN('A créer'!B19)>0,'A créer'!B19<>'A créer'!H19)=TRUE,"Tab",""),"Tab") | D19: =IF(OR('A créer'!D19="Oui",LEN('A créer'!D19)=0),IF(AND(LEN('A créer'!B19)>0,'A créer'!B19<>'A créer'!H19)=TRUE,CONCATENATE('A créer'!B19,'A créer'!A19,"-",'A créer'!C19),""),CONCATENATE('A créer'!B19,'A créer'!A19,"-",'A créer'!C19)) | E19: =IF(OR('A créer'!D19="Oui",LEN('A créer'!D19)=0),IF(AND(LEN('A créer'!B19)>0,'A créer'!B19<>'A créer'!H19)=TRUE,"Tab 4",""),"Tab 4") | F19: =IF(OR('A créer'!D19="Oui",LEN('A créer'!D19)=0),IF(AND(LEN('A créer'!B19)>0,'A créer'!B19<>'A créer'!H19)=TRUE,"Tab",""),"Tab") | G19: =IF(OR('A créer'!D19="Oui",LEN('A créer'!D19)=0),IF(AND(LEN('A créer'!B19)>0,'A créer'!B19<>'A créer'!H19)=TRUE,"Tab",""),"Tab") | H19: =IF(OR('A créer'!D19="Oui",LEN('A créer'!D19)=0),IF(AND(LEN('A créer'!B19)>0,'A créer'!B19<>'A créer'!H19)=TRUE,"ENT",""),"ENT") | I19: =IF('A créer'!D19="Oui",IF(AND(LEN('A créer'!B19)>0,'A créer'!B19<>'A créer'!H19)=TRUE,'A créer'!G19,""),'A créer'!G19) -> 0 | J19: =IF(OR('A créer'!D19="Oui",LEN('A créer'!D19)=0),IF(AND(LEN('A créer'!B19)>0,'A créer'!B19<>'A créer'!H19)=TRUE,"Tab",""),"Tab") | K19: =IF(OR('A créer'!D19="Oui",LEN('A créer'!D19)=0),IF(AND(LEN('A créer'!B19)>0,'A créer'!B19<>'A créer'!H19)=TRUE,"Oui",""),"Oui") | L19: =IF(OR('A créer'!D19="Oui",LEN('A créer'!D19)=0),IF(AND(LEN('A créer'!B19)>0,'A créer'!B19<>'A créer'!H19)=TRUE,"Tab",""),"Tab") | M19: =IF(OR('A créer'!D19="Oui",LEN('A créer'!D19)=0),IF(AND(LEN('A créer'!B19)>0,'A créer'!B19<>'A créer'!H19)=TRUE,'A créer'!E19,""),'A créer'!E19) | N19: =IF(OR('A créer'!D19="Oui",LEN('A créer'!D19)=0),IF(AND(LEN('A créer'!B19)>0,'A créer'!B19<>'A créer'!H19)=TRUE,"ENT",""),"ENT") | O19: =IF(OR('A créer'!D19="Oui",LEN('A créer'!D19)=0),IF(AND(LEN('A créer'!B19)>0,'A créer'!B19<>'A créer'!H19)=TRUE,"*SAVE",""),"*SAVE") | P19: =IF(OR('A créer'!D19="Oui",LEN('A créer'!D19)=0),"","*FN") | Q19: =IF(OR('A créer'!D19="Oui",LEN('A créer'!D19)=0),"",CONCATENATE("XXX",'A créer'!A19)) | R19: =IF(OR('A créer'!D19="Oui",LEN('A créer'!D19)=0),"","Tab") | S19: =IF(OR('A créer'!D19="Oui",LEN('A créer'!D19)=0),"",CONCATENATE("XXX-",'A créer'!C19)) | T19: =IF(OR('A créer'!D19="Oui",LEN('A créer'!D19)=0),"","Tab 4") | U19: =IF(OR('A créer'!D19="Oui",LEN('A créer'!D19)=0),"","Tab") | V19: =IF(OR('A créer'!D19="Oui",LEN('A créer'!D19)=0),"","Tab") | W19: =IF(OR('A créer'!D19="Oui",LEN('A créer'!D19)=0),"","ENT") | X19: =IF(OR('A créer'!D19="Oui",LEN('A créer'!D19)=0),"",'A créer'!G19) | Y19: =IF(OR('A créer'!D19="Oui",LEN('A créer'!D19)=0),"","Tab") | Z19: =IF(OR('A créer'!D19="Oui",LEN('A créer'!D19)=0),"","Oui") | AA19: =IF(OR('A créer'!D19="Oui",LEN('A créer'!D19)=0),"","Tab") | AB19: =IF(OR('A créer'!D19="Oui",LEN('A créer'!D19)=0),"","NON") | AC19: =IF(OR('A créer'!D19="Oui",LEN('A créer'!D19)=0),"","ENT") | AD19: =IF(OR('A créer'!D19="Oui",LEN('A créer'!D19)=0),"","*SAVE") | AE19: =IF(OR('A créer'!D19="Oui",LEN('A créer'!D19)=0),"","*FN") | AF19: =IF(OR('A créer'!D19="Oui",LEN('A créer'!D19)=0),"",'A créer'!A19) | AG19: =IF(OR('A créer'!D19="Oui",LEN('A créer'!D19)=0),"","Tab") | AH19: =IF(OR('A créer'!D19="Oui",LEN('A créer'!D19)=0),"",'A créer'!C19) | AI19: =IF(OR('A créer'!D19="Oui",LEN('A créer'!D19)=0),"","Tab 4") | AJ19: =IF(OR('A créer'!D19="Oui",LEN('A créer'!D19)=0),"","*SB") | AK19: =IF(OR('A créer'!D19="Oui",LEN('A créer'!D19)=0),"","Tab") | AL19: =IF(OR('A créer'!D19="Oui",LEN('A créer'!D19)=0),"","InterCoSte") | AM19: =IF(OR('A créer'!D19="Oui",LEN('A créer'!D19)=0),"","Tab") | AN19: =IF(OR('A créer'!D19="Oui",LEN('A créer'!D19)=0),"","Tab") | AO19: =IF(OR('A créer'!D19="Oui",LEN('A créer'!D19)=0),"","ENT") | AP19: =IF(OR('A créer'!D19="Oui",LEN('A créer'!D19)=0),"","ENT") | AQ19: =IF(OR('A créer'!D19="Oui",LEN('A créer'!D19)=0),"","*SAVE") | AR19: =IF(OR('A créer'!D19="Oui",LEN('A créer'!D19)=0),"","*UP") | AS19: =IF(OR('A créer'!D19="Oui",LEN('A créer'!D19)=0),"","*Aé") | AT19: =IF(OR('A créer'!D19="Oui",LEN('A créer'!D19)=0),"",CONCATENATE('A créer'!B19,'A créer'!A19)) | AU19: =IF(OR('A créer'!D19="Oui",LEN('A créer'!D19)=0),"","Tab") | AV19: =IF(OR('A créer'!D19="Oui",LEN('A créer'!D19)=0),"","*DN") | AW19: =IF(OR('A créer'!D19="Oui",LEN('A créer'!D19)=0),"",CONCATENATE("XXX",'A créer'!A19)) | AX19: =IF(OR('A créer'!D19="Oui",LEN('A créer'!D19)=0),"","Tab") | AY19: =IF(OR('A créer'!D19="Oui",LEN('A créer'!D19)=0),"","*SAVE") | AZ19: =IF(OR('A créer'!D19="Oui",LEN('A créer'!D19)=0),"","*ML(751,142)")
